,Location,hostname,interface,hostname.1,interface.1,_merge
2,CHICAGO,CH-T1A-CT8X-HPE01,STM4_3/1/14,CH-T1A-RT03,POS3/1/0,both
8,HONGKONG,HK-T1A-H99X-HPE01,TE_1/1/13,HK-T1A-CR02,TENGIGABITETHERNET2/1,both
12,AMSTERDAM,AM-T1A-A99X-HRT01,TE_2/2/2,COP-T1A-ACPHB-HRT01,TE_1/2/13,both
17,NAIROBI,NAI-T1A-RT01,GIGABITETHERNET4/0/2,NAI2-T1A-HRT01,GE_1/7/4,both
18,SINGAPORE,SI-T1A-SVWX-HCR02,TE_5/2/13,SI-T1A-HCR01,TE_4/1/4,both
23,SINGAPORE,SI-T1A-SVWX-HCR02,GE_1/1/3,SI-T1A-RT01,GIGABITETHERNET4/1/0,both
27,HONGKONG,HK-T1A-RT02-PE,GIGABITETHERNET4/0/3,HK-T1A-RT08-PE,GIGABITETHERNET2/0/0,both
38,SANTA CLARA,SC-T1A-SV1X-HCR01,TE_1/2/1,SC-T1A-S99X-HPE01,TE_10/1/14,both
40,SANTA CLARA,SC-T1A-SV1X-HCR01,TE_1/2/3,CH-T1A-CT8X-HPE01,TE_1/1/14,both
41,NEW JERSEY,NJ-T1A-NJYX-HCR01,TE_1/1/13,DA-T1A-D0VX-HPE01,TE_1/1/14,both
62,CHICAGO,CH-T1A-CT8X-HPE01,STM4_3/1/13,CH-T1A-RT03,POS2/3/0,both
65,HONGKONG,HK-T1A-H99X-HCR01,GE_1/1/3,HK-T1A-RT09-ASBR,GIGABITETHERNET0/1/1,both
68,DALLAS,DA-T1A-RT01,GIGABITETHERNET2/1/3,DA-T1A-RT03,GIGABITETHERNET3/0/0,both
70,NEW JERSEY,NJ-T1A-NJYX-HCR01,TE_5/1/1,NJ-T1A-NJYX-HPE02,TE_9/1/13,both
81,HONGKONG,HK-T1A-H99X-HCR01,TE_3/1/3,SEO3-T1A-OO8X-HRT01,TE_1/1/14,both
86,SANTA CLARA,SC-T1A-SV1X-HCR01,TE_1/1/14,SC-T1A-CR03,TENGIGABITETHERNET2/2,both
88,OSAKA,OSA-T1A-RT01,GIGABITETHERNET3/0/0,OSA-T1A-RT02,GIGABITETHERNET2/0/0,both
90,SYDNEY,SY-T1A-M3HX-HRT01,GE_1/1/8,SY-T1A-RT01,GIGABITETHERNET4/1/3,both
95,SYDNEY,SY-T1A-M3HX-HRT01,TE_3/2/2,SI-T1A-HCR01,TE_4/1/3,both
96,SANTA CLARA,SC-T1A-SV1X-HCR01,TE_5/1/1,SC-T1A-S99X-HPE02,TE_10/1/14,both
106,SINGAPORE,SI-T1A-HCR01,GE_3/1/2,SI-T1A-RT01,GIGABITETHERNET3/0/2,both
109,LONDON,LN-T1A-HCR01,GE_3/1/2,LN-T1A-RT04-PE,GIGABITETHERNET7/0/2,both
114,DALLAS,DA-T1A-D0VX-HPE01,TE_5/1/14,DA-T1A-RT03,TENGIGABITETHERNET7/2,both
116,SINGAPORE,SI-T1A-SVWX-HCR02,GE_1/1/11,SI-T1A-SVWX-RT07-ASBR,GIGABITETHERNET0/1,both
118,SINGAPORE,TCX-T1A-IH4X-HRT02,GE_1/1/25,TCX-T1A-IH4X-HRT01,GE_1/1/25,both
121,JOHANNESBURG,JO-T1A-RT01,GIGABITETHERNET7/0/1,HAR-T1A-HRT01,GE_1/7/2,both
126,SYDNEY,SY-T1A-M3HX-HRT01,GE_5/1/12,PER-T1A-H9UX-HRT01,GE_1/1/9,both
137,NEW JERSEY,NJ-T1A-NJYX-HCR01,TE_1/2/3,NJ-T1A-NJYX-CR02,TENGIGABITETHERNET2/2,both
139,HONGKONG,HK-T1A-H99X-HCR01,TE_4/1/2,HK2-T1A-KTHX-HRT02,TE_1/1/14,both
143,SEATTLE,SEA-T1A-00SX-HPE01,TE_3/1/13,SC-T1A-CR03,TENGIGABITETHERNET4/1,both
149,SANTA CLARA,SC-T1A-SV1X-HCR01,TE_5/1/4,SC-T1A-CR03,TENGIGABITETHERNET4/2,both
152,HONGKONG,HK-T1A-H99X-HCR01,TE_5/1/14,HK-T1A-CR02,TENGIGABITETHERNET2/2,both
156,DALLAS,DA-T1A-D0VX-HPE01,TE_5/1/13,ATL-T1A-RT02,TENGIGABITETHERNET4/2,both
157,SYDNEY,SY-T1A-M3HX-HRT01,GE_1/1/9,SY-T1A-RT03,GIGABITETHERNET4/1/4,both
158,JOHANNESBURG,JOB-T1A-EOPX-HRT01,GE_5/1/6,JO-T1A-AJNBA-ACN-RT01,GIGABITETHERNET0/0/0,both
163,NEW JERSEY,NJ-T1A-NJYX-HCR01,GE_1/1/4,BOS-T1A-RT01,GIGABITETHERNET1/0/4,both
164,SANTA CLARA,SC-T1A-S99X-HPE02,TE_1/1/13,SC-T1A-S99X-HPE01,TE_1/1/13,both
170,SINGAPORE,SI-T1A-HCR01,GE_2/1/4,VI-T1A-RT01,GIGABITETHERNET0/0/2,both
171,MIAMI,MIA-T1A-MLNX-HPE02,STM16_2/2/1,NY-T1A-CR03,POS8/0/0,both
172,HONGKONG,HK-T1A-H99X-HPE02,GE_1/1/7,HK-T1A-RT08-PE,GIGABITETHERNET4/6,both
178,SINGAPORE,SI-T1A-HCR01,GE_3/1/1,SI-T1A-RT01,GIGABITETHERNET4/0/2,both
180,SINGAPORE,SI-T1A-SVWX-HPE02,GE_10/1/13,SI-T1A-SVWX-HPE01,GE_10/1/13,both
183,AMSTERDAM,AM-T1A-A99X-HRT01,TE_1/1/14,AM-T1A-HRT03,TE_3/2/1,both
192,NEW JERSEY,NJ-T1A-NJYX-CR02,TENGIGABITETHERNET8/2,NJ-T1A-NJYX-HPE01,TE_9/1/2,both
193,AMSTERDAM,AM-T1A-HRT03,TE_1/2/1,FFT-T1A-FNM-HCR01,TE_1/1/1,both
197,TOKYO,TK-T1A-T0VX-HPE01,TE_1/1/14,TK-T1A-T0VX-HCR01,TE_2/2/3,both
207,CRESSEX,CRX-T1A-HW1X-HRT02,TE_5/1/13,CRX-T1A-HW1X-HRT99,TE_2/1/13,both
209,AMSTERDAM,AM-T1A-HRT03,TE_4/1/2,FFT-T1A-FNM-HCR01,TE_4/1/2,both
210,NEW JERSEY,NJ-T1A-NJYX-HCR01,TE_5/2/3,NY-T1A-CR03,TENGIGABITETHERNET7/2,both
214,MAPUTO,MAP-T1A-1Z9X-HRT01,GE_1/3/1,JO-T1A-RT01,GIGABITETHERNET7/0/3,both
220,NEW JERSEY,NJ-T1A-NJYX-CR02,GIGABITETHERNET7/0/0,NJ-T1A-NJYX-HPE02,GE_1/1/10,both
226,ATLANTA,ATL-T1A-A56X-HRT01,TE_5/1/14,ASH-T1A-AE6X-HRT01,TE_5/1/14,both
227,HONGKONG,HK-T1A-RT02-PE,GIGABITETHERNET4/0/2,HK-T1A-H99X-HCR01,GE_5/1/4,both
229,DURBAN,DUR-T1A-EAOX-HRT01,GE_5/1/6,CAP-T1A-ACPTA-ACN-RT02,GIGABITETHERNET0/0/0,both
232,DURBAN,DUR-T1A-EAOX-HRT01,GE_5/1/1,CAP-T1A-EAGX-HRT02,GE_5/1/1,both
243,TOKYO,TK-T1A-T0VX-HPE02,TE_1/1/13,TK-T1A-T0VX-HCR01,TE_2/1/1,both
246,LONDON,LN-T1A-HCR01,STM4_4/2/2,MOS-T1A-RT01,POS2/2/0,both
247,TOKYO,TK-T1A-T0VX-HCR01,GE_1/1/8,OSA-T1A-RT01,GIGABITETHERNET2/0/4,both
249,SINGAPORE,SI-T1A-HCR01,GE_2/1/3,SI-T1A-SVWX-RT07-ASBR,GIGABITETHERNET0/3,both
250,OSAKA,OSA-T1A-RT01,GIGABITETHERNET3/0/1,OSA-T1A-RT02,GIGABITETHERNET2/0/1,both
253,DALLAS,DA-T1A-RT01,GIGABITETHERNET2/2/2,DA-T1A-D0VX-HPE01,GE_2/2/13,both
259,SYDNEY,SY-T1A-M3HX-HRT01,GE_5/1/9,SY-T1A-RT01,GIGABITETHERNET4/1/2,both
261,CHICAGO,CH-T1A-CT8X-HPE01,TE_5/1/13,DA-T1A-RT03,TENGIGABITETHERNET4/1,both
263,SINGAPORE,SI-T1A-SVWX-HCR02,GE_1/1/6,KL2-T1A-KT1X-HRT01,GE_5/1/3,both
268,NEW JERSEY,NJ-T1A-NJYX-CR02,TENGIGABITETHERNET2/1,LA-T1A-CR02,TENGIGABITETHERNET2/1,both
274,DALLAS,DA-T1A-D0VX-HPE01,TE_1/1/13,DA-T1A-RT03,TENGIGABITETHERNET4/2,both
275,HONGKONG,HK-T1A-H99X-HPE02,GE_1/1/8,HK-T1A-RT08-PE,GIGABITETHERNET4/5,both
276,SINGAPORE,TCX-T1A-IH4X-HRT02,GE_2/1/25,TCX-T1A-IH4X-HRT01,GE_2/1/25,both
279,KAMPALA,KAM-T1A-HRT01,GE_1/1/2,DAR-T1A-HRT01,GE_1/7/2,both
289,SYDNEY,SY-T1A-M3HX-HRT01,TE_5/1/13,SY-T1A-1MHX-HRT02,TE_3/1/13,both
293,SYDNEY,SY-T1A-M3HX-HRT01,TE_1/1/13,SY-T1A-1MHX-HRT02,TE_1/1/13,both
304,AMSTERDAM,AM-T1A-A99X-HRT01,TE_5/1/13,AM-T1A-HRT03,TE_1/1/14,both
311,SINGAPORE,SI-T1A-SVWX-HCR02,TE_1/1/13,SI2-T1A-SVQX-HCR02,TE_1/1/14,both
315,GABORONE,GAB-T1A-7B6X-HRT01,GE_1/7/3,HAR-T1A-HRT01,GE_1/7/3,both
332,LONDON,LN-T1A-HCR01,TE_4/1/1,HEL2-T1A-HRT01,TE_2/1/13,both
333,PERTH,PER-T1A-H9UX-HRT01,GE_5/1/10,SI-T1A-HCR01,GE_2/1/10,both
335,HONGKONG,HK-T1A-RT08-PE,GIGABITETHERNET1/0/2,HK-T1A-CR02,GIGABITETHERNET7/0/2,both
343,LONDON,LN-T1A-HCR01,TE_2/1/13,LN-T1A-L78X-HPE01,TE_1/1/13,both
352,NEW JERSEY,NJ-T1A-NJYX-HCR01,GE_1/1/10,NJ-T1A-NJYX-CR02,GIGABITETHERNET7/0/2,both
361,HONGKONG,HK-T1A-H99X-HCR01,TE_1/1/13,HK-T1A-CR02,TENGIGABITETHERNET3/1,both
364,DURBAN,DUR-T1A-EAOX-HRT01,GE_1/1/1,JOB2-T1A-JHBX-HRT01,GE_1/1/1,both
365,HONGKONG,HK-T1A-H99X-HCR01,GE_1/1/4,HK-T1A-RT09-ASBR,GIGABITETHERNET0/1/2,both
366,HONGKONG,HK-T1A-H99X-HCR01,GE_1/1/4,HK-T1A-RT09-ASBR,GIGABITETHERNET0/1/2,both
371,SINGAPORE,SI-T1A-HCR01,TE_2/1/14,SI-T1A-SVWX-HPE01,TE_1/1/13,both
375,MELBOURNE,MLB-T1A-1MEX-HRT01,GE_1/1/11,MLB-T1A-RT01,GIGABITETHERNET7/0/4,both
383,JOHANNESBURG,JOB-T1A-EOPX-HRT01,GE_5/1/4,JO-T1A-RT01,GIGABITETHERNET7/0/4,both
384,TAIPEI,TAI-T1A-TJ5X-HRT02,STM4_1/2/1,TK-T1A-T0VX-HCR01,STM4_5/2/10,both
394,NEW JERSEY,NJ-T1A-NJYX-CR02,TENGIGABITETHERNET4/2,NJ-T1A-NJYX-HPE02,TE_10/1/14,both
402,SINGAPORE,TCX-T1A-IH4X-HRT01,GE_1/1/29,SI-T1A-HCR01,GE_3/1/8,both
406,CRESSEX,CRX-T1A-HW1X-HRT02,TE_2/2/2,CRX-T1A-HW1X-HRT99,TE_1/1/13,both
410,HONGKONG,HK-T1A-RT08-PE,GIGABITETHERNET1/0/1,HK-T1A-CR02,GIGABITETHERNET1/0/1,both
411,HONGKONG,HK-T1A-H99X-HCR01,TE_3/1/2,TK-T1A-T0VX-HCR01,TE_2/1/2,both
412,LONDON,LN-T1A-HCR01,GE_3/1/1,LN-T1A-RT04-PE,GIGABITETHERNET9/0/1,both
413,CRESSEX,CRX-T1A-HW1X-HRT99,TE_1/2/14,LN-T1A-HCR01,TE_1/2/2,both
414,HONGKONG,HK-T1A-H99X-HCR01,GE_5/1/2,HK-T1A-RT08-PE,GIGABITETHERNET3/0/4,both
415,NEW JERSEY,NJ-T1A-NJYX-HCR01,TE_5/1/3,NY-T1A-CR03,TENGIGABITETHERNET2/1,both
421,MELBOURNE,MLB-T1A-1MEX-HRT01,GE_5/1/1,MLB-T1A-RT01,GIGABITETHERNET3/0/1,both
447,JOHANNESBURG,JO-T1A-RT01,POS3/2/0,MAU-T1A-RT01,POS1/1/0,both
452,HONGKONG,HK-T1A-H99X-HCR01,GE_5/1/1,HK-T1A-RT08-PE,GIGABITETHERNET3/0/3,both
454,JOHANNESBURG,JO-T1A-RT01,POS3/2/1,DAR-T1A-HRT01,STM1_1/12/1,both
458,HONGKONG,HK-T1A-RT02-PE,GIGABITETHERNET4/0/0,HK-T1A-CR02,GIGABITETHERNET1/0/3,both
459,KAMPALA,KAM-T1A-HRT01,GE_1/1/3,NAI2-T1A-HRT01,GE_1/8/4,both
462,NEW JERSEY,NJ-T1A-NJYX-HCR01,TE_5/1/2,NJ-T1A-NJYX-CR02,TENGIGABITETHERNET8/1,both
463,DALLAS,DA-T1A-RT01,GIGABITETHERNET2/2/3,DA-T1A-D0VX-HPE01,GE_2/2/14,both
464,ATLANTA,ATL-T1A-A56X-HRT01,GE_1/1/2,ATL-T1A-RT01,GIGABITETHERNET2/2/3,both
470,HONGKONG,HK-T1A-CR02,GIGABITETHERNET1/0/0,HK-T1A-RT09-ASBR,GIGABITETHERNET1/0/0,both
473,SYDNEY,SY-T1A-M3HX-HRT01,TE_4/1/14,MLB-T1A-1MEX-HRT01,TE_1/1/14,both
474,COPENHAGEN,COP-T1A-ACPHB-HRT01,TE_2/1/13,FFT-T1A-FNM-HCR01,TE_2/1/13,both
485,NEW JERSEY,NJ-T1A-NJYX-HCR01,TE_1/1/14,NJ-T1A-NJYX-HPE01,TE_1/1/13,both
489,SINGAPORE,SI-T1A-SVWX-HCR02,GE_1/1/2,SI-T1A-RT01,GIGABITETHERNET4/1/1,both
504,HOUSTON,HOS-T1A-RT01,GI0/0/2,DA-T1A-RT03,GI8/1/2,right_only
505,HOUSTON,HOS-T1A-RT01,GI0/0/3,NY-T1A-CR03,GI 3/13,right_only
506,LOS ANGELES,LA-T1A-27GX-HPE01,P 1/1/1,LA-T1A-CR01,GI 3/3,right_only
507,LOS ANGELES,LA-T1A-27GX-HPE01,P 1/1/2,LA-T1A-CR01,GI 3/4,right_only
508,LOS ANGELES,LA-T1A-27GX-HPE01,P  5/1/1,LA-T1A-CR02,GI 3/11,right_only
509,LOS ANGELES,LA-T1A-27GX-HPE01,P 5/1/2,LA-T1A-CR02,GI 3/12,right_only
510,LOS ANGELES,LA-T1A-27GX-HPE01,P 1/1/13,LA-T1A-CR01,TE2/2,right_only
511,LOS ANGELES,LA-T1A-27GX-HPE01,P 1/1/14,DA-T1A-D0VX-HPE01,P 4/1/1,right_only
512,LOS ANGELES,LA-T1A-27GX-HPE01,P 2/2/1,EMI-T1A-CR01,TE9/2,right_only
513,LOS ANGELES,LA-T1A-27GX-HPE01,P 5/1/13,LA-T1A-CR02,TE2/2,right_only
514,LOS ANGELES,LA-T1A-RT02,GI7/0/1,LA-T1A-CR02,GI3/2,right_only
515,LOS ANGELES,LA-T1A-RT02,GI3/0/0,LA-T1A-CR01,GI3/2,right_only
516,LOS ANGELES,LA-T1A-RT02,GI7/0/3,LA-T1A-CR02,GI3/9,right_only
517,LOS ANGELES,LA-T1A-RT02,GI3/0/1,LA-T1A-CR01,GI3/10,right_only
518,LOS ANGELES,LA-T1A-CR01,GI3/16,LA-T1A-CR02,GI3/16,right_only
519,LOS ANGELES,LA-T1A-CR01,GI3/15,LA-T1A-CR02,GI3/15,right_only
520,LOS ANGELES,LA-T1A-CR01,GI3/4,LA-T1A-27GX-HPE01,P 1/1/2,right_only
521,LOS ANGELES,LA-T1A-CR01,GI3/3,LA-T1A-27GX-HPE01,P 1/1/1,right_only
522,LOS ANGELES,LA-T1A-CR01,TE4/2,LA-T1A-CR02,TE4/2,right_only
523,LOS ANGELES,LA-T1A-CR01,TE 2/2,LA-T1A-27GX-HPE01,P 1/1/13,right_only
524,LOS ANGELES,LA-T1A-CR01,TE2/1,SC-T1A-CR03,TE2/1,right_only
525,LOS ANGELES,LA-T1A-CR01,GI3/10,LA-T1A-RT02,GI7/0/2,right_only
526,LOS ANGELES,LA-T1A-CR02,GI3/16,LA-T1A-CR01,GI3/16,right_only
527,LOS ANGELES,LA-T1A-CR02,GI3/15,LA-T1A-CR01,GI3/15,right_only
528,LOS ANGELES,LA-T1A-CR02,TE2/2,LA-T1A-27GX-HPE01,P 5/1/13,right_only
529,LOS ANGELES,LA-T1A-CR02,GI3/12,LA-T1A-27GX-HPE01,P 5/1/2,right_only
530,LOS ANGELES,LA-T1A-CR02,GI3/11,LA-T1A-27GX-HPE01,P 5/1/1,right_only
531,LOS ANGELES,LA-T1A-CR02,GI3/10,SY-T1A-M3HX-HRT01,P 5/1/5,right_only
532,LOS ANGELES,LA-T1A-CR02,GI3/9,LA-T1A-RT02,GI7/0/3,right_only
533,LOS ANGELES,LA-T1A-CR02,TE2/1,NJ-T1A-NJYX-CR02,TE2/1,right_only
534,LOS ANGELES,LA-T1A-CR02,GI3/2,LA-T1A-RT02,GI7/0/1,right_only
535,LOS ANGELES,LA-T1A-CR02,TE4/2,LA-T1A-CR01,TE4/2,right_only
536,MIAMI,MIA-T1A-RT01,TE4/2,MIA-T1A-MLNX-HPE02,P 5/1/13,right_only
537,MIAMI,MIA-T1A-RT01,GI2/1/4,MIA-T1A-MLNX-HPE02,P 1/1/2,right_only
538,MIAMI,MIA-T1A-RT01,GI  2/1/3,MIA-T1A-MLNX-HPE02,P 1/1/1,right_only
539,MIAMI,MIA-T1A-RT01,PO2/2/0,DA-T1A-RT03,PO8/0/0,right_only
540,MIAMI,MIA-T1A-MLNX-HPE02,GE_1/1/1,MIA-T1A-RT01,GI2/1/3,right_only
541,MIAMI,MIA-T1A-MLNX-HPE02,GE_1/1/2,MIA-T1A-RT01,GI2/1/4,right_only
542,MIAMI,MIA-T1A-MLNX-HPE02,TE_1/1/14,ATL-T1A-A56X-HRT01,P 1/1/14,right_only
543,MIAMI,MIA-T1A-MLNX-HPE02,TE_5/1/13,MIA-T1A-RT01,TE4/2,right_only
544,NEW YORK,NY-T1A-RT01,GI 4/1/4,NY-T1A-N99X-HCR01,P 1/1/2,right_only
545,NEW YORK,NY-T1A-RT01,GI 4/1/0,NY-T1A-N99X-HCR01,P 1/1/1,right_only
546,NEW YORK,NY-T1A-RT01,GI3/1/3,NY-T1A-CR03,GI3/2,right_only
547,NEW YORK,NY-T1A-RT01,GI3/1/2,NY-T1A-CR03,GI3/1,right_only
548,NEW YORK,NY-T1A-RT02,GI1/10,NY-T1A-N99X-HCR01,P 5/1/3,right_only
549,NEW YORK,NY-T1A-RT02,GI6/1,NY-T1A-CR03,GI3/17,right_only
550,NEW YORK,NY-T1A-RT04,GI0/2,NY-T1A-CR03,GIG3/8,right_only
551,NEW YORK,NY-T1A-RT04,GI0/1,NY-T1A-N99X-HCR01,P 1/1/12,right_only
552,NEW YORK,NY-T1A-RT05,GI8/1/1,NY-T1A-N99X-HCR01,P 5/1/2,right_only
553,NEW YORK,NY-T1A-RT05,GI3/1/2,NY-T1A-N99X-HCR01,P 5/1/1,right_only
554,NEW YORK,NY-T1A-RT05,GI8/2/3,NY-T1A-CR03,GI3/6,right_only
555,NEW YORK,NY-T1A-RT05,GI8/2/2,NY-T1A-CR03,GI3/5,right_only
556,NEW YORK,NY-T1A-CR02,GI 3/4,NY-T1A-RT05,GI3/1/1,right_only
557,NEW YORK,NY-T1A-CR02,GI 3/3,NY-T1A-RT05,GI3/1/0,right_only
558,NEW YORK,NY-T1A-CR02,GI 3/7,NY-T1A-RT01,GI4/0/1,right_only
559,NEW YORK,NY-T1A-CR02,GI3/1,NY-T1A-RT01,GI3/1/0,right_only
560,NEW YORK,NY-T1A-CR02,GI3/17,NY-T1A-RT02,GI1/11,right_only
561,NEW YORK,NY-T1A-CR03,TE7/2,NJ-T1A-NJYX-HCR01,P 5/2/3,right_only
562,NEW YORK,NY-T1A-CR03,GI3/13,HOS-T1A-RT01,GI0/0/3,right_only
563,NEW YORK,NY-T1A-CR03,PO8/0/0,MIA-T1A-MLNX-HPE02,P 2/2/1,right_only
564,NEW YORK,NY-T1A-CR03,TE2/2,NY-T1A-N99X-HCR01,P 1/1/14,right_only
565,NEW YORK,NY-T1A-CR03,TE9/2,CH-T1A-RT03,TE4/2,right_only
566,NEW YORK,NY-T1A-CR03,GI3/8,NY-T1A-RT04,GI0/2,right_only
567,NEW YORK,NY-T1A-CR03,GI3/2,NY-T1A-RT01,GI3/1/3,right_only
568,NEW YORK,NY-T1A-CR03,GI3/1,NY-T1A-RT01,GI3/1/2,right_only
569,NEW YORK,NY-T1A-CR03,GI3/6,NY-T1A-RT05,GI8/2/3,right_only
570,NEW YORK,NY-T1A-CR03,GI3/5,NY-T1A-RT05,GI8/2/2,right_only
571,NEW YORK,NY-T1A-CR03,TE2/1,NJ-T1A-NJYX-HCR01,P 5/1/3,right_only
572,NEW YORK,NY-T1A-CR03,GI3/12,NY-T1A-N99X-HPE01,P 10/1/12,right_only
573,NEW YORK,NY-T1A-CR03,GI3/18,NY-T1A-N99X-HPE02,P 10/1/12,right_only
574,NEW YORK,NY-T1A-CR03,GI3/16,NY-T1A-N99X-HPE02,P 10/1/11,right_only
575,NEW YORK,NY-T1A-CR03,GI3/15,NY-T1A-N99X-HPE02,P 1/1/12,right_only
576,NEW YORK,NY-T1A-CR03,GI3/14,NY-T1A-N99X-HPE02,P 1/1/11,right_only
577,NEW YORK,NY-T1A-CR03,GI3/11,NY-T1A-N99X-HPE01,P 10/1/11,right_only
578,NEW YORK,NY-T1A-CR03,GI3/10,NY-T1A-N99X-HPE01,P 1/1/12,right_only
579,NEW YORK,NY-T1A-CR03,GI3/9,NY-T1A-N99X-HPE01,P 1/1/11,right_only
580,NEW YORK,NY-T1A-CR03,GI3/17,NY-T1A-RT02,GI6/1,right_only
581,NEW YORK,NY-T1A-N99X-HPE01,GE_1/1/11,NY-T1A-CR03,GI3/9,right_only
582,NEW YORK,NY-T1A-N99X-HPE01,GE_1/1/12,NY-T1A-CR03,GI3/10,right_only
583,NEW YORK,NY-T1A-N99X-HPE01,GE_10/1/11,NY-T1A-CR03,GI3/11,right_only
584,NEW YORK,NY-T1A-N99X-HPE01,GE_10/1/12,NY-T1A-CR03,GI3/12,right_only
585,NEW YORK,NY-T1A-N99X-HPE01,TE_10/1/13,NY-T1A-N99X-HPE02,P 10/1/13,right_only
586,NEW YORK,NY-T1A-N99X-HPE01,TE_1/1/13,NY-T1A-N99X-HCR01,P 2/2/1,right_only
587,NEW YORK,NY-T1A-N99X-HPE02,GE_1/1/11,NY-T1A-CR03,GI3/14,right_only
588,NEW YORK,NY-T1A-N99X-HPE02,GE_1/1/12,NY-T1A-CR03,GI3/15,right_only
589,NEW YORK,NY-T1A-N99X-HPE02,GE_10/1/11,NY-T1A-CR03,GI3/16,right_only
590,NEW YORK,NY-T1A-N99X-HPE02,GE_10/1/12,NY-T1A-CR03,GI3/18,right_only
591,NEW YORK,NY-T1A-N99X-HPE02,TE_10/1/13,NY-T1A-N99X-HPE01,P 10/1/13,right_only
592,NEW YORK,NY-T1A-N99X-HPE02,TE_1/1/13,NY-T1A-N99X-HCR01,P 5/114,right_only
593,NEW YORK,NY-T1A-N99X-HCR01,GE_1/1/1,NY-T1A-RT01,GI4/1/0,right_only
594,NEW YORK,NY-T1A-N99X-HCR01,GE_1/1/12,NY-T1A-RT04,GI0/1,right_only
595,NEW YORK,NY-T1A-N99X-HCR01,GE_1/1/12,NY-T1A-RT04,GI0/1,right_only
596,NEW YORK,NY-T1A-N99X-HCR01,GE_1/1/2,NY-T1A-RT01,GI4/1/4,right_only
597,NEW YORK,NY-T1A-N99X-HCR01,GE_1/1/2,NY-T1A-RT01,GI4/1/4,right_only
598,NEW YORK,NY-T1A-N99X-HCR01,GE_1/1/4,BRZ-T1A-XXHX-HRT01,P 1/1/3,right_only
599,NEW YORK,NY-T1A-N99X-HCR01,GE_1/1/6,BOS-T1A-RT01,GI0/0/2,right_only
600,NEW YORK,NY-T1A-N99X-HCR01,GE_5/1/1,NY-T1A-RT05,GI3/1/2,right_only
601,NEW YORK,NY-T1A-N99X-HCR01,GE_5/1/1,NY-T1A-RT05,GI3/1/2,right_only
602,NEW YORK,NY-T1A-N99X-HCR01,GE_5/1/11,TOR2-T1A-TTTX-HRT01,P 5/1/4,right_only
603,NEW YORK,NY-T1A-N99X-HCR01,GE_5/1/12,TOR2-T1A-TTTX-HRT01,P 5/1/2,right_only
604,NEW YORK,NY-T1A-N99X-HCR01,GE_5/1/2,NY-T1A-RT05,GI8/1/1,right_only
605,NEW YORK,NY-T1A-N99X-HCR01,GE_5/1/2,NY-T1A-RT05,GI8/1/1,right_only
606,NEW YORK,NY-T1A-N99X-HCR01,GE_5/1/3,NY-T1A-RT02,GI1/10,right_only
607,NEW YORK,NY-T1A-N99X-HCR01,GE_5/1/3,NY-T1A-RT02,GI1/10,right_only
608,NEW YORK,NY-T1A-N99X-HCR01,TE_1/1/13,PAR-T1A-P96X-HCR02,P 1/1/13,right_only
609,NEW YORK,NY-T1A-N99X-HCR01,TE_1/1/14,NY-T1A-CR03,TE2/2,right_only
610,NEW YORK,NY-T1A-N99X-HCR01,TE_1/1/14,NY-T1A-CR03,TE2/2,right_only
611,NEW YORK,NY-T1A-N99X-HCR01,TE_2/2/1,NY-T1A-N99X-HPE01,P 1/1/13,right_only
612,NEW YORK,NY-T1A-N99X-HCR01,TE_2/2/1,NY-T1A-N99X-HPE01,P 1/1/13,right_only
613,NEW YORK,NY-T1A-N99X-HCR01,TE_2/2/2,NY-T1A-CR02,TE2/2,right_only
614,NEW YORK,NY-T1A-N99X-HCR01,TE_2/2/2,NY-T1A-CR02,TE2/2,right_only
615,NEW YORK,NY-T1A-N99X-HCR01,TE_2/2/4,PAR-T1A-P96X-HCR02,P 3/2/4,right_only
616,NEW YORK,NY-T1A-N99X-HCR01,TE_5/1/13,ASH-T1A-AE6X-HRT03,P 1/1/13,right_only
617,NEW YORK,NY-T1A-N99X-HCR01,TE_5/1/14,NY-T1A-N99X-HPE02,P 1/1/13,right_only
618,NEW YORK,NY-T1A-N99X-HCR01,TE_5/1/14,NY-T1A-N99X-HPE02,P 1/1/13,right_only
619,ASHBURN,ASH-T1A-RT01,GIGABITETHERNET3/2/2,ASH-T1A-AE6X-RT04,GI0/0/0,right_only
620,ASHBURN,ASH-T1A-RT01,TENGIGABITETHERNET7/2,ASH-T1A-AE6X-HRT01,P 1/1/13,right_only
621,ASHBURN,ASH-T1A-AE6X-HRT03,P 1/1/13,NY-T1A-N99X-HCR01,P 5/1/13,right_only
622,ASHBURN,ASH-T1A-AE6X-HRT01,TE_1/1/13,ASH-T1A-AE6X-HRT01,TENGIGABITETHERNET7/2,right_only
623,ASHBURN,ASH-T1A-AE6X-HRT01,TE_1/1/14,NJ-T1A-NJYX-HCR01,TE_1/2/1,right_only
624,ASHBURN,ASH-T1A-AE6X-HRT01,TE_5/1/14,ATL-T1A-A56X-HRT01,TE_5/1/14,right_only
625,ATLANTA,ATL-T1A-RT01,GIGABITETHERNET3/0/1,ATL-T1A-RT02,GI3/0/1,right_only
626,ATLANTA,ATL-T1A-RT01,GIGABITETHERNET3/0/0,ATL-T1A-RT02,GI3/0/0,right_only
627,ATLANTA,ATL-T1A-RT01,GIGABITETHERNET2/2/3,ATL-T1A-A56X-HRT01,P_1/1/2,right_only
628,ATLANTA,ATL-T1A-RT02,GI3/0/1,ATL-T1A-RT01,GIGABITETHERNET3/0/1,right_only
629,ATLANTA,ATL-T1A-RT02,GI3/0/0,ATL-T1A-RT01,GIGABITETHERNET3/0/0,right_only
630,ATLANTA,ATL-T1A-RT02,TENGIGABITETHERNET4/2,DA-T1A-D0VX-HPE01,P 5/1/13,right_only
631,ATLANTA,ATL-T1A-RT02,TENGIGABITETHERNET7/1,ATL-T1A-A56X-HRT01,P 5/1/13,right_only
632,ATLANTA,ATL-T1A-RT02,TENGIGABITETHERNET4/1,ATL-T1A-A56X-HRT01,P 1/1/13,right_only
633,ATLANTA,ATL-T1A-RT03,NO OSPF NEIGHBOR,NAN,NAN,right_only
634,ATLANTA,ATL-T1A-A56X-HRT01,TE_1/1/13,ATL-T1A-RT02,TENGIGABITETHERNET7/1,right_only
635,ATLANTA,ATL-T1A-A56X-HRT01,TE_5/1/13,ATL-T1A-RT02,TENGIGABITETHERNET4/1,right_only
636,ATLANTA,ATL-T1A-A56X-HRT01,TE_1/1/14,MIA-T1A-MLNX-HPE02,TE_1/1/14,right_only
637,BOSTON,BOS-T1A-RT01,GIGABITETHERNET1/0/4,NJ-T1A-NJYX-HCR01,P 1/1/4,right_only
638,BOSTON,BOS-T1A-RT01,GIGABITETHERNET0/0/2,NY-T1A-N99X-HCR01,P 1/1/6,right_only
639,CHICAGO,CH-T1A-RT01,GIGABITETHERNET4/0/1,CH-T1A-RT03,GI3/0/1,right_only
640,CHICAGO,CH-T1A-RT01,GIGABITETHERNET4/0/0,CH-T1A-RT03,GI3/0/0,right_only
641,CHICAGO,CH-T1A-RT01,GIGABITETHERNET7/1/3,CH-T1A-C0VX-HPE01,P 1/1/1,right_only
642,CHICAGO,CH-T1A-RT03,GI3/0/1,CH-T1A-RT01,GIGABITETHERNET4/0/1,right_only
643,CHICAGO,CH-T1A-RT03,GI3/0/0,CH-T1A-RT01,GIGABITETHERNET4/0/0,right_only
644,CHICAGO,CH-T1A-RT03,TENGIGABITETHERNET4/1,CH-T1A-CT8X-HPE01,P 4/1/1,right_only
645,CHICAGO,CH-T1A-RT03,TENGIGABITETHERNET9/1,CH-T1A-CT8X-HPE01,P 1/1/13,right_only
646,CHICAGO,CH-T1A-RT03,POS3/1/0,CH-T1A-CT8X-HPE02,P 3/1/14,right_only
647,CHICAGO,CH-T1A-RT03,POS2/3/0,CH-T1A-CT8X-HPE03,P3/1/13,right_only
648,CHICAGO,CH-T1A-RT03,TE4/2,NY-T1A-CR03,TE9/2,right_only
649,CHICAGO,CH-T1A-CT8X-HPE01,P 4/1/1,CH-T1A-RT03,TENGIGABITETHERNET4/1,right_only
650,CHICAGO,CH-T1A-CT8X-HPE01,P 1/1/13,CH-T1A-RT03,TENGIGABITETHERNET9/1,right_only
651,CHICAGO,CH-T1A-CT8X-HPE01,GE_1/1/1,CH-T1A-RT01,GIGABITETHERNET7/1/3,right_only
652,CHICAGO,CH-T1A-CT8X-HPE01,TE_1/1/14,SC-T1A-SV1X-HCR01,TE_1/2/3,right_only
653,CHICAGO,CH-T1A-CT8X-HPE01,TE_2/1/1,SEA2-T1A-EMSX-HRT01,TE_5/1/13,right_only
654,CHICAGO,CH-T1A-CT8X-HPE01,TE_4/1/2,TOR-T1A-T6UX-HRT01,TE_1/1/14,right_only
655,DALLAS,DA-T1A-RT03,TENGIGABITETHERNET4/1,CH-T1A-CT8X-HPE01,TE_5/1/13,right_only
656,DALLAS,DA-T1A-RT03,GIGABITETHERNET8/1/2,HOS-T1A-RT01,GIGABITETHERNET0/0/2,right_only
657,DALLAS,DA-T1A-RT03,TENGIGABITETHERNET7/2,DA-T1A-D0VX-HPE01,TE_5/1/14,right_only
658,DALLAS,DA-T1A-RT03,GI 3/0/0,DA-T1A-RT01,GIGABITETHERNET2/1/3,right_only
659,DALLAS,DA-T1A-RT03,TENGI 4/2,DA-T1A-D0VX-HPE01,TE_1/1/13,right_only
660,DALLAS,DA-T1A-D0VX-HPE01,GE_2/2/13,DA-T1A-RT01,GIGABITETHERNET2/2/2,right_only
661,DALLAS,DA-T1A-D0VX-HPE01,GE_2/2/14,DA-T1A-RT01,GIGABITETHERNET2/2/3,right_only
662,DALLAS,DA-T1A-D0VX-HPE01,TE_1/1/14,NJ-T1A-NJYX-HCR01,TE_1/1/13,right_only
663,DALLAS,DA-T1A-D0VX-HPE01,TE_4/1/1,LA-T1A-27GX-HPE01,TE_1/1/14,right_only
664,DALLAS,DA-T1A-RT03,PO8/0/0,MIA-T1A-RT01,PO2/2/0,right_only
665,NEW JERSEY,NJ-T1A-NJYX-CR02,TENGIGABITETHERNET4/1,LN-T1A-L78X-HCR02,TE_2/2/1,right_only
666,NEW JERSEY,NJ-T1A-NJYX-CR02,TENGIGABITETHERNET8/1,NJ-T1A-NJYX-HCR01,TE_5/1/2,right_only
667,NEW JERSEY,NJ-T1A-NJYX-CR02,TENGIGABITETHERNET9/1,LN-T1A-L78X-HCR02,TE_3/1/2,right_only
668,NEW JERSEY,NJ-T1A-NJYX-CR02,GIGABITETHERNET7/0/2,NJ-T1A-NJYX-HCR01,GE_1/1/10,right_only
669,NEW JERSEY,NJ-T1A-NJYX-CR02,TENGIGABITETHERNET2/2,NJ-T1A-NJYX-HCR01,TE_1/2/3,right_only
670,NEW JERSEY,NJ-T1A-NJYX-HPE01,TE_1/1/13,NJ-T1A-NJYX-HCR01,TE_1/1/14,right_only
671,NEW JERSEY,NJ-T1A-NJYX-HPE01,TE_9/1/2,NJ-T1A-NJYX-CR02,TENGIGABITETHERNET8/2,right_only
672,NEW JERSEY,NJ-T1A-NJYX-HPE02,GE_1/1/10,NJ-T1A-NJYX-CR02,GIGABITETHERNET7/0/0,right_only
673,NEW JERSEY,NJ-T1A-NJYX-HPE02,TE_10/1/14,NJ-T1A-NJYX-CR02,TENGIGABITETHERNET4/2,right_only
674,NEW JERSEY,NJ-T1A-NJYX-HPE02,TE_9/1/13,NJ-T1A-NJYX-HCR01,TE_5/1/1,right_only
675,NEW JERSEY,NJ-T1A-NJYX-HCR01,TE_1/2/1,ASH-T1A-AE6X-HRT01,1/1/14,right_only
676,SANTA CLARA,SC-T1A-SV1X-HCR01,TE_1/1/13,NY-T1A-CR02,TENGIGABITETHERNET2/1,right_only
677,SANTA CLARA,SC-T1A-SV1X-HCR01,TE_5/1/2,TK-T1A-T0VX-HCR01,TE_1/1/13,right_only
678,SANTA CLARA,SC-T1A-CR03,TENGIGABITETHERNET2/2,SC-T1A-SV1X-HCR01,TE_1/1/14,right_only
679,SANTA CLARA,SC-T1A-CR03,TENGIGABITETHERNET4/2,SC-T1A-SV1X-HCR01,TE_5/1/4,right_only
680,SANTA CLARA,SC-T1A-CR03,TENGIGABITETHERNET4/1,SEA-T1A-00SX-HPE01,TE_3/1/13,right_only
681,SANTA CLARA,SC-T1A-CR03,GIGABITETHERNET3/13,SC-T1A-S99X-HPE02,40544,right_only
682,SANTA CLARA,SC-T1A-CR03,TENGIGABITETHERNET2/1,LA-T1A-CR01,TE2/1,right_only
683,SANTA CLARA,SC-T1A-CR03,GIGABITETHERNET3/17,SC-T1A-S99X-HPE02,40553,right_only
684,SANTA CLARA,SC-T1A-CR03,GIGABITETHERNET3/12,SC-T1A-S99X-HPE01,40544,right_only
685,SANTA CLARA,SC-T1A-S99X-HPE01,TE_10/1/14,SC-T1A-SV1X-HCR01,TE_5/1/1,right_only
686,SANTA CLARA,SC-T1A-S99X-HPE01,2011-01-01 00:00:00,SC-T1A-CR03,GIGABITETHERNET3/12,right_only
687,SANTA CLARA,SC-T1A-S99X-HPE01,TE_1/1/13,SC-T1A-S99X-HPE02,TE_1/1/13,right_only
688,SANTA CLARA,SC-T1A-S99X-HPE02,TE_10/1/14,SC-T1A-SV1X-HCR01,TE_5/1/1,right_only
689,SANTA CLARA,SC-T1A-S99X-HPE02,2011-01-01 00:00:00,SC-T1A-CR03,GIGABITETHERNET3/13,right_only
690,SANTA CLARA,SC-T1A-S99X-HPE02,2011-01-10 00:00:00,SC-T1A-CR03,GIGABITETHERNET3/17,right_only
691,SEATTLE,SEA-T1A-00SX-HPE01,TE_5/1/13,SEA2-T1A-EMSX-HRT01,TE_1/1/14,right_only
692,SEATTLE II,SEA2-T1A-EMSX-HRT01,TE_5/1/13,CH-T1A-CT8X-HPE01,TE_2/1/1,right_only
693,SEATTLE II,SEA2-T1A-EMSX-HRT01,TE_1/1/14,SEA-T1A-00SX-HPE01,TE_5/1/13,right_only
694,BRAZIL,BRZ-T1A-XXHX-HRT01,GE_1/1/3,NY-T1A-N99X-HCR01,GE_1/1/4,right_only
695,TORONTTO,TOR-T1A-RT01,GE-2/1/0,TOR-T1A-RT02,GE-2/1/0,right_only
696,TORONTTO,TOR-T1A-RT01,GE-3/1/0,TOR-T1A-T6UX-HRT01,GE-3/1/0.0,right_only
697,TORONTTO,TOR-T1A-T6UX-HRT01,GE_1/1/11,TOR-T1A-RT01,GE-3/1/0.0,right_only
698,TORONTTO,TOR-T1A-T6UX-HRT01,GE_5/1/11,TOR-T1A-RT02,GE-3/1/0.0,right_only
699,TORONTTO,TOR-T1A-T6UX-HRT01,TE_5/1/14,TOR2-T1A-TTTX-HRT01,TE_5/1/13,right_only
700,TORONTTO,TOR-T1A-T6UX-HRT01,TE_1/1/14,CH-T1A-CT8X-HPE01,TE_4/1/2,right_only
701,TORONTTO,TOR-T1A-T6UX-HRT01,GE_2/2/1,TOR-T1A-T6UX-RT02,GIGABITETHERNET0/1/1,right_only
702,TORONTTO,TOR-T1A-T6UX-HRT01,GE_1/1/5,TOR-T1A-T6UX-RT02,GIGABITETHERNET0/0/0,right_only
703,TORONTTO,TOR-T1A-T6UX-HRT01,GE_2/2/3,TOR-T1A-T6UX-RT04,GIGABITETHERNET0/0/0,right_only
704,TORONTTO,TOR-T1A-T6UX-HRT01,GE_3/1/3,TOR-T1A-T6UX-RT04,GIGABITETHERNET0/1/1,right_only
705,TORONTTO,TOR-T1A-RT02,GE-2/1/0.0,TOR-T1A-RT01,GE-2/1/0,right_only
706,TORONTTO,TOR-T1A-RT02,GE-3/1/0.0,TOR-T1A-T6UX-HRT01,GE_5/1/11,right_only
707,TORONTTO II,TOR2-T1A-TTTX-HRT01,GE_5/1/2,NY-T1A-N99X-HCR01,GE_5/1/12,right_only
708,LONDON TELEHOUSE,LN2-T1A-LDNX-HRT01,P1/1/13,LN2-T1A-LDNX-HRT02,P1/2/2,right_only
709,LONDON TELEHOUSE,LN2-T1A-LDNX-HRT01,P3/1/1,LN2-T1A-LDNX-HRT02,P3/2/2,right_only
710,LONDON TELEHOUSE,LN2-T1A-LDNX-HRT01,P1/1/9,ISL-T1A-XXGX-HRT01,P1/1/15,right_only
711,LONDON TELEHOUSE,LN2-T1A-LDNX-HRT01,P5/1/9,DUB-T1A-RT02,GI3/0/3,right_only
712,LONDON TELEHOUSE,LN2-T1A-LDNX-HRT01,P5/1/14,LN-T1A-L78X-HCR02,P5/2/4,right_only
713,LONDON TELEHOUSE,LN2-T1A-LDNX-HRT01,P5/1/13,LN-T1A-RT11-PE,TE7/1,right_only
714,LONDON TELEHOUSE,LN2-T1A-LDNX-HRT01,P4/2/13,PAR-T1A-P96X-HCR02,P3/1/3,right_only
715,LONDON TELEHOUSE,LN2-T1A-LDNX-HRT01,P4/1/6,LUA-T1A-7B5X-HRT01,P1/7/5,right_only
716,LONDON TELEHOUSE,LN2-T1A-LDNX-HRT02,P1/2/2,LN2-T1A-LDNX-HRT01,P1/1/13,right_only
717,LONDON TELEHOUSE,LN2-T1A-LDNX-HRT02,P3/2/2,LN2-T1A-LDNX-HRT01,P3/1/1,right_only
718,LONDON TELEHOUSE,LN2-T1A-LDNX-HRT02,P5/1/1,BRU-T1A-RT01,GI7/1/0,right_only
719,LONDON TELEHOUSE,LN2-T1A-LDNX-HRT02,P1/1/2,LN-T1A-RT05,GI3/0/3,right_only
720,LONDON TELEHOUSE,LN2-T1A-LDNX-HRT02,P3/2/3,LN-T1A-RT11-PE,TE3/1,right_only
721,LONDON TELEHOUSE,LN2-T1A-LDNX-HRT02,P1/2/3,LN-T1A-RT11-PE,TE7/2,right_only
722,LONDON TELEHOUSE,LN2-T1A-LDNX-HRT02,P5/1/13,HBG-T1A-RT03,TE9/2,right_only
723,LONDON TELEHOUSE,LN2-T1A-LDNX-HRT02,P1/1/13,LN-T1A-HCR01,P1/2/1,right_only
724,LONDON TELEHOUSE,LN2-T1A-LDNX-HRT02,P1/1/1,LUA-T1A-7B5X-HRT01,P1/10/1,right_only
725,LONDON TELEHOUSE,LN-T1A-RT05,GI3/0/3,LN2-T1A-LDNX-HRT02,P1/1/2,right_only
726,LONDON TELEHOUSE,LN-T1A-RT05,GI3/0/0,LN-T1A-L78X-HCR02,P1/1/3,right_only
727,LONDON TELEHOUSE,LN-T1A-RT11-PE,TE7/2,LN2-T1A-LDNX-HRT02,P1/2/3,right_only
728,LONDON TELEHOUSE,LN-T1A-RT11-PE,TE3/1,LN2-T1A-LDNX-HRT02,P3/2/3,right_only
729,LONDON TELEHOUSE,LN-T1A-RT11-PE,TE7/1,LN2-T1A-LDNX-HRT01,P5/1/13,right_only
730,ISTANBUL-II,IST2-T1A-HRT01,P1/8/4,IST-T1A-RT01,GI2/0/1,right_only
731,ISTANBUL-II,IST2-T1A-HRT01,P1/8/4,IST-T1A-RT01,GI2/0/1,right_only
732,ISTANBUL-II,IST2-T1A-HRT01,P1/8/2,FFT-T1A-FNMX-HCR02,P1/1/5,right_only
733,ISTANBUL-II,IST2-T1A-HRT01,P1/8/2,FFT-T1A-FNMX-HCR02,P1/1/5,right_only
734,ISTANBUL-II,IST2-T1A-HRT01,P1/8/3,FFT-T1A-FNM-HCR01,P3/1/8,right_only
735,ISTANBUL-II,IST2-T1A-HRT01,P1/8/3,FFT-T1A-FNM-HCR01,P3/1/8,right_only
736,ISTANBUL-I,IST-T1A-RT01,GI2/0/1,IST2-T1A-HRT01,P1/8/4,right_only
737,ISTANBUL-I,IST-T1A-RT01,GI2/0/1,IST2-T1A-HRT01,P1/8/4,right_only
738,ISTANBUL-I,IST-T1A-RT01,GI3/0/2,FFT-T1A-FNM-HCR01,P2/1/5,right_only
739,ISTANBUL-I,IST-T1A-RT01,GI3/0/2,FFT-T1A-FNM-HCR01,P2/1/5,right_only
740,HIGHBRIDGE,HBG-T1A-HB9X-HRT01,P1/1/8,HBG-T1A-RT01,GI1/0/4,right_only
741,HIGHBRIDGE,HBG-T1A-HB9X-HRT01,P1/1/8,HBG-T1A-RT01,GI1/0/4,right_only
742,HIGHBRIDGE,HBG-T1A-HB9X-HRT01,P3/1/10,PAR2-T1A-RT01,POS2/1/0,right_only
743,HIGHBRIDGE,HBG-T1A-HB9X-HRT01,P3/1/10,PAR2-T1A-RT01,POS2/1/0,right_only
744,HIGHBRIDGE,HBG-T1A-HB9X-HRT01,P5/1/14,CRX-T1A-HW1X-HRT02,P5/1/14,right_only
745,HIGHBRIDGE,HBG-T1A-HB9X-HRT01,P5/1/14,CRX-T1A-HW1X-HRT02,P5/1/14,right_only
746,HIGHBRIDGE,HBG-T1A-HB9X-HRT01,P1/1/13,HBG-T1A-RT03,TE7/1,right_only
747,HIGHBRIDGE,HBG-T1A-HB9X-HRT01,P1/1/13,HBG-T1A-RT03,TE7/1,right_only
748,HIGHBRIDGE,HBG-T1A-HB9X-HRT01,P5/1/13,HBG-T1A-RT03,TE9/1,right_only
749,HIGHBRIDGE,HBG-T1A-HB9X-HRT01,P5/1/13,HBG-T1A-RT03,TE9/1,right_only
750,HIGHBRIDGE,HBG-T1A-RT03,TE9/2,LN2-T1A-LDNX-HRT02,P5/1/13,right_only
751,HIGHBRIDGE,HBG-T1A-RT03,TE9/2,LN2-T1A-LDNX-HRT02,P5/1/13,right_only
752,HIGHBRIDGE,HBG-T1A-RT03,TE9/1,HBG-T1A-HB9X-HRT01,P5/1/13,right_only
753,HIGHBRIDGE,HBG-T1A-RT03,TE9/1,HBG-T1A-HB9X-HRT01,P5/1/13,right_only
754,HIGHBRIDGE,HBG-T1A-RT03,TE7/1,HBG-T1A-HB9X-HRT01,P1/1/13,right_only
755,HIGHBRIDGE,HBG-T1A-RT03,TE7/1,HBG-T1A-HB9X-HRT01,P1/1/13,right_only
756,HIGHBRIDGE,HBG-T1A-RT03,GI3/0/1,HBG-T1A-RT01,GI1/2/1,right_only
757,HIGHBRIDGE,HBG-T1A-RT03,GI3/0/1,HBG-T1A-RT01,GI1/2/1,right_only
758,HIGHBRIDGE,HBG-T1A-RT03,GI3/0/0,HBG-T1A-RT01,GI2/1/1,right_only
759,HIGHBRIDGE,HBG-T1A-RT03,GI3/0/0,HBG-T1A-RT01,GI2/1/1,right_only
760,HIGHBRIDGE,HBG-T1A-RT01,GI1/2/1,HBG-T1A-RT03,GI3/0/1,right_only
761,HIGHBRIDGE,HBG-T1A-RT01,GI1/2/1,HBG-T1A-RT03,GI3/0/1,right_only
762,HIGHBRIDGE,HBG-T1A-RT01,GI2/1/1,HBG-T1A-RT03,GI3/0/0,right_only
763,HIGHBRIDGE,HBG-T1A-RT01,GI2/1/1,HBG-T1A-RT03,GI3/0/0,right_only
764,HIGHBRIDGE,HBG-T1A-RT01,GI1/0/4,HBG-T1A-HB9X-HRT01,P1/1/8,right_only
765,HIGHBRIDGE,HBG-T1A-RT01,GI1/0/4,HBG-T1A-HB9X-HRT01,P1/1/8,right_only
766,HELSINKI-I,HEL1-T1A-HRT01,P2/1/2,FFT-T1A-FNM-HCR01,P2/1/9,right_only
767,HELSINKI-I,HEL1-T1A-HRT01,P2/1/2,FFT-T1A-FNM-HCR01,P2/1/9,right_only
768,HELSINKI-I,HEL1-T1A-HRT01,P2/1/4,HEL2-T1A-HRT01,P2/1/4,right_only
769,HELSINKI-I,HEL1-T1A-HRT01,P2/1/4,HEL2-T1A-HRT01,P2/1/4,right_only
770,HELSINKI-I,HEL1-T1A-HRT01,P4/1/7,HEL2-T1A-HRT01,P4/1/6,right_only
771,HELSINKI-I,HEL1-T1A-HRT01,P4/1/7,HEL2-T1A-HRT01,P4/1/6,right_only
772,HELSINKI-II,HEL2-T1A-HRT01,P2/1/13,LN-T1A-HCR01,P4/1/1,right_only
773,HELSINKI-II,HEL2-T1A-HRT01,P2/1/13,LN-T1A-HCR01,P4/1/1,right_only
774,HELSINKI-II,HEL2-T1A-HRT01,P2/1/4,HEL1-T1A-HRT01,P2/1/4,right_only
775,HELSINKI-II,HEL2-T1A-HRT01,P2/1/4,HEL1-T1A-HRT01,P2/1/4,right_only
776,HELSINKI-II,HEL2-T1A-HRT01,P4/1/6,HEL1-T1A-HRT01,P4/1/7,right_only
777,HELSINKI-II,HEL2-T1A-HRT01,P4/1/6,HEL1-T1A-HRT01,P4/1/7,right_only
778,GENEVA,GEN-T1A-GVSX-HRT01,P5/1/2,PAR-T1A-P96X-HCR01,P5/2/3,right_only
779,GENEVA,GEN-T1A-GVSX-HRT01,P5/1/2,PAR-T1A-P96X-HCR01,P5/2/3,right_only
780,GENEVA,GEN-T1A-GVSX-HRT01,P1/1/2,ZU-T1A-RT02,GI3/0/3,right_only
781,GENEVA,GEN-T1A-GVSX-HRT01,P1/1/2,ZU-T1A-RT02,GI3/0/3,right_only
782,FRANKFURT-III,FFT3-T1A-FR1X-HRT01,P1/1/13,FFT-T1A-FNM-HCR01,P2/2/1,right_only
783,FRANKFURT-III,FFT3-T1A-FR1X-HRT01,P1/1/13,FFT-T1A-FNM-HCR01,P2/2/1,right_only
784,FRANKFURT-III,FFT3-T1A-FR1X-HRT01,P5/1/13,FFT2-T1A-FEQX-HRT01,P5/1/13,right_only
785,FRANKFURT-III,FFT3-T1A-FR1X-HRT01,P5/1/13,FFT2-T1A-FEQX-HRT01,P5/1/13,right_only
786,FRANKFURT-III,FFT3-T1A-FR1X-HRT01,P1/1/5,ISL-T1A-XXGX-HRT01,P2/1/15,right_only
787,FRANKFURT-III,FFT3-T1A-FR1X-HRT01,P1/1/5,ISL-T1A-XXGX-HRT01,P2/1/15,right_only
788,FRANKFURT-III,FFT3-T1A-FR1X-HRT01,P5/1/1,ISL-T1A-ATLVA-ACN-RT02,GI0/0/0,right_only
789,FRANKFURT-III,FFT3-T1A-FR1X-HRT01,P5/1/1,ISL-T1A-ATLVA-ACN-RT02,GI0/0/0,right_only
790,DUBLIN,DUB-T1A-RT01,GI3/0/1,DUB-T1A-RT02,GI3/0/1,right_only
791,DUBLIN,DUB-T1A-RT01,GI3/0/1,DUB-T1A-RT02,GI3/0/1,right_only
792,DUBLIN,DUB-T1A-RT01,GI3/0/0,DUB-T1A-RT02,GI3/0/0,right_only
793,DUBLIN,DUB-T1A-RT01,GI3/0/0,DUB-T1A-RT02,GI3/0/0,right_only
794,DUBLIN,DUB-T1A-RT01,GI3/0/3,LN-T1A-L78X-HCR02,P1/1/6,right_only
795,DUBLIN,DUB-T1A-RT01,GI3/0/3,LN-T1A-L78X-HCR02,P1/1/6,right_only
796,DUBLIN,DUB-T1A-RT02,GI3/0/3,LN2-T1A-LDNX-HRT01,P5/1/9,right_only
797,DUBLIN,DUB-T1A-RT02,GI3/0/3,LN2-T1A-LDNX-HRT01,P5/1/9,right_only
798,DUBLIN,DUB-T1A-RT02,GI3/0/1,DUB-T1A-RT01,GI3/0/1,right_only
799,DUBLIN,DUB-T1A-RT02,GI3/0/1,DUB-T1A-RT01,GI3/0/1,right_only
800,DUBLIN,DUB-T1A-RT02,GI3/0/0,DUB-T1A-RT01,GI3/0/0,right_only
801,DUBLIN,DUB-T1A-RT02,GI3/0/0,DUB-T1A-RT01,GI3/0/0,right_only
802,ZURICH,ZU-T1A-RT01,GI2/1/1,FFT-T1A-FNM-HCR01,P2/1/1,right_only
803,ZURICH,ZU-T1A-RT01,GI2/1/1,FFT-T1A-FNM-HCR01,P2/1/1,right_only
804,ZURICH,ZU-T1A-RT01,GI2/1/0,ZU-T1A-RT02,GI2/1/0,right_only
805,ZURICH,ZU-T1A-RT01,GI2/1/0,ZU-T1A-RT02,GI2/1/0,right_only
806,ZURICH,ZU-T1A-RT01,GI3/0/1,ZU-T1A-RT02,GI3/0/1,right_only
807,ZURICH,ZU-T1A-RT01,GI3/0/1,ZU-T1A-RT02,GI3/0/1,right_only
808,ZURICH,ZU-T1A-RT01,GI3/0/0,ZU-T1A-RT02,GI3/0/0,right_only
809,ZURICH,ZU-T1A-RT01,GI3/0/0,ZU-T1A-RT02,GI3/0/0,right_only
810,ZURICH,ZU-T1A-RT02,GI2/1/0,ZU-T1A-RT01,GI2/1/0,right_only
811,ZURICH,ZU-T1A-RT02,GI2/1/0,ZU-T1A-RT01,GI2/1/0,right_only
812,ZURICH,ZU-T1A-RT02,GI3/0/1,ZU-T1A-RT01,GI3/0/1,right_only
813,ZURICH,ZU-T1A-RT02,GI3/0/1,ZU-T1A-RT01,GI3/0/1,right_only
814,ZURICH,ZU-T1A-RT02,GI3/0/0,ZU-T1A-RT01,GI3/0/0,right_only
815,ZURICH,ZU-T1A-RT02,GI3/0/0,ZU-T1A-RT01,GI3/0/0,right_only
816,ZURICH,ZU-T1A-RT02,GI3/0/3,GEN-T1A-GVSX-HRT01,P1/1/2,right_only
817,ZURICH,ZU-T1A-RT02,GI3/0/3,GEN-T1A-GVSX-HRT01,P1/1/2,right_only
818,WARSAW,WA-T1A-WZNX-HRT01,P1/1/13,WA-T1A-WZNX-HRT02,P1/1/13,right_only
819,WARSAW,WA-T1A-WZNX-HRT01,P1/1/13,WA-T1A-WZNX-HRT02,P1/1/13,right_only
820,WARSAW,WA-T1A-WZNX-HRT01,P2/1/13,WA-T1A-WZNX-HRT02,P2/1/13,right_only
821,WARSAW,WA-T1A-WZNX-HRT01,P2/1/13,WA-T1A-WZNX-HRT02,P2/1/13,right_only
822,WARSAW,WA-T1A-WZNX-HRT01,P1/1/11,FFT-T1A-FNMX-HCR02,P5/1/7,right_only
823,WARSAW,WA-T1A-WZNX-HRT01,P1/1/11,FFT-T1A-FNMX-HCR02,P5/1/7,right_only
824,WARSAW,WA-T1A-WZNX-HRT01,P1/1/12,WA-T1A-WZNX-HPE02,P1/11/1,right_only
825,WARSAW,WA-T1A-WZNX-HRT01,P1/1/12,WA-T1A-WZNX-HPE02,P1/11/1,right_only
826,WARSAW,WA-T1A-WZNX-HRT02,P1/1/13,WA-T1A-WZNX-HRT01,P1/1/13,right_only
827,WARSAW,WA-T1A-WZNX-HRT02,P1/1/13,WA-T1A-WZNX-HRT01,P1/1/13,right_only
828,WARSAW,WA-T1A-WZNX-HRT02,P2/1/13,WA-T1A-WZNX-HRT01,P2/1/13,right_only
829,WARSAW,WA-T1A-WZNX-HRT02,P2/1/13,WA-T1A-WZNX-HRT01,P2/1/13,right_only
830,WARSAW,WA-T1A-WZNX-HRT02,P1/1/12,WA-T1A-WZNX-HPE01,P1/9/4,right_only
831,WARSAW,WA-T1A-WZNX-HRT02,P1/1/12,WA-T1A-WZNX-HPE01,P1/9/4,right_only
832,WARSAW,WA-T1A-WZNX-HRT02,P1/1/11,FFT2-T1A-FEQ-RT02,GI2/1/3,right_only
833,WARSAW,WA-T1A-WZNX-HRT02,P1/1/11,FFT2-T1A-FEQ-RT02,GI2/1/3,right_only
834,WARSAW,WA-T1A-WZNX-HPE01,P1/9/4,WA-T1A-WZNX-HRT02,P1/1/12,right_only
835,WARSAW,WA-T1A-WZNX-HPE01,P1/9/4,WA-T1A-WZNX-HRT02,P1/1/12,right_only
836,WARSAW,WA-T1A-WZNX-HPE01,P1/9/1,WA-T1A-WZNX-HPE02,P1/9/1,right_only
837,WARSAW,WA-T1A-WZNX-HPE01,P1/9/1,WA-T1A-WZNX-HPE02,P1/9/1,right_only
838,WARSAW,WA-T1A-WZNX-HPE02,P1/11/1,WA-T1A-WZNX-HRT01,P1/1/12,right_only
839,WARSAW,WA-T1A-WZNX-HPE02,P1/11/1,WA-T1A-WZNX-HRT01,P1/1/12,right_only
840,WARSAW,WA-T1A-WZNX-HPE02,P1/9/1,WA-T1A-WZNX-HPE01,P1/9/1,right_only
841,WARSAW,WA-T1A-WZNX-HPE02,P1/9/1,WA-T1A-WZNX-HPE01,P1/9/1,right_only
842,STOCKHOLM,STO-T1A-STKX-HRT01,P1/8/5,STO-T1A-RT04,GI0/0/1,right_only
843,STOCKHOLM,STO-T1A-STKX-HRT01,P1/8/5,STO-T1A-RT04,GI0/0/1,right_only
844,STOCKHOLM,STO-T1A-STKX-HRT01,P1/3/6,STO-T1A-STKX-HRT02,P1/1/11,right_only
845,STOCKHOLM,STO-T1A-STKX-HRT01,P1/3/6,STO-T1A-STKX-HRT02,P1/1/11,right_only
846,STOCKHOLM,STO-T1A-STKX-HRT01,P1/7/5,STO-T1A-STKX-HRT02,P2/1/41,right_only
847,STOCKHOLM,STO-T1A-STKX-HRT01,P1/7/5,STO-T1A-STKX-HRT02,P2/1/41,right_only
848,STOCKHOLM,STO-T1A-STKX-HRT01,P1/3/4,COP-T1A-ACPHB-HRT01,P1/1/1,right_only
849,STOCKHOLM,STO-T1A-STKX-HRT01,P1/3/4,COP-T1A-ACPHB-HRT01,P1/1/1,right_only
850,STOCKHOLM,STO-T1A-RT04,GI1/0/1,STO-T1A-STKX-HRT02,P2/1/43,right_only
851,STOCKHOLM,STO-T1A-RT04,GI1/0/1,STO-T1A-STKX-HRT02,P2/1/43,right_only
852,STOCKHOLM,STO-T1A-RT04,GI0/0/0,STO-T1A-STKX-HRT02,P1/1/41,right_only
853,STOCKHOLM,STO-T1A-RT04,GI0/0/0,STO-T1A-STKX-HRT02,P1/1/41,right_only
854,STOCKHOLM,STO-T1A-RT04,GI0/0/1,STO-T1A-STKX-HRT01,P1/8/5,right_only
855,STOCKHOLM,STO-T1A-RT04,GI0/0/1,STO-T1A-STKX-HRT01,P1/8/5,right_only
856,STOCKHOLM,STO-T1A-STKX-HRT02,P1/1/11,STO-T1A-STKX-HRT01,P1/3/6,right_only
857,STOCKHOLM,STO-T1A-STKX-HRT02,P1/1/11,STO-T1A-STKX-HRT01,P1/3/6,right_only
858,STOCKHOLM,STO-T1A-STKX-HRT02,P1/1/41,STO-T1A-RT04,GI0/0/0,right_only
859,STOCKHOLM,STO-T1A-STKX-HRT02,P1/1/41,STO-T1A-RT04,GI0/0/0,right_only
860,STOCKHOLM,STO-T1A-STKX-HRT02,P2/1/43,STO-T1A-RT04,GI1/0/1,right_only
861,STOCKHOLM,STO-T1A-STKX-HRT02,P2/1/43,STO-T1A-RT04,GI1/0/1,right_only
862,STOCKHOLM,STO-T1A-STKX-HRT02,P2/1/41,STO-T1A-STKX-HRT01,P1/7/5,right_only
863,STOCKHOLM,STO-T1A-STKX-HRT02,P2/1/41,STO-T1A-STKX-HRT01,P1/7/5,right_only
864,STOCKHOLM,STO-T1A-STKX-HRT02,P1/1/13,FFT-T1A-FNMX-HCR02,P1/1/6,right_only
865,STOCKHOLM,STO-T1A-STKX-HRT02,P1/1/13,FFT-T1A-FNMX-HCR02,P1/1/6,right_only
866,MUNICH,MUN-T1A-MU1X-HRT01,P1/1/13,FFT-T1A-FNMX-HCR02,P1/2/4,right_only
867,MUNICH,MUN-T1A-MU1X-HRT01,P1/1/13,FFT-T1A-FNMX-HCR02,P1/2/4,right_only
868,MUNICH,MUN-T1A-MU1X-HRT01,P5/1/13,FFT2-T1A-FEQ-RT02,TE4/1,right_only
869,MUNICH,MUN-T1A-MU1X-HRT01,P5/1/13,FFT2-T1A-FEQ-RT02,TE4/1,right_only
870,MOROCCO,MOR-T1A-52WX-HRT01,P2/1/25,MA-T1A-WV6X-HRT01,P1/1/9,right_only
871,MOROCCO,MOR-T1A-52WX-HRT01,P2/1/25,MA-T1A-WV6X-HRT01,P1/1/9,right_only
872,MOROCCO,MOR-T1A-52WX-HRT01,P1/1/23,MOR-T1A-52WX-HRT02,P1/1/23,right_only
873,MOROCCO,MOR-T1A-52WX-HRT01,P1/1/23,MOR-T1A-52WX-HRT02,P1/1/23,right_only
874,MOROCCO,MOR-T1A-52WX-HRT01,P2/1/23,MOR-T1A-52WX-HRT02,P2/1/23,right_only
875,MOROCCO,MOR-T1A-52WX-HRT01,P2/1/23,MOR-T1A-52WX-HRT02,P2/1/23,right_only
876,MOROCCO,MOR-T1A-52WX-HRT02,P1/1/23,MOR-T1A-52WX-HRT01,P1/1/23,right_only
877,MOROCCO,MOR-T1A-52WX-HRT02,P1/1/23,MOR-T1A-52WX-HRT01,P1/1/23,right_only
878,MOROCCO,MOR-T1A-52WX-HRT02,P2/1/23,MOR-T1A-52WX-HRT01,P2/1/23,right_only
879,MOROCCO,MOR-T1A-52WX-HRT02,P2/1/23,MOR-T1A-52WX-HRT01,P2/1/23,right_only
880,MOROCCO,MOR-T1A-52WX-HRT02,P2/1/25,PAR2-T1A-RT01,GI3/2/3,right_only
881,MOROCCO,MOR-T1A-52WX-HRT02,P2/1/25,PAR2-T1A-RT01,GI3/2/3,right_only
882,MOSCOW,MOS-T1A-RT01,GI3/1/0,MOS-T1A-RT02,GI3/1/0,right_only
883,MOSCOW,MOS-T1A-RT01,GI3/1/0,MOS-T1A-RT02,GI3/1/0,right_only
884,MOSCOW,MOS-T1A-RT01,GI3/0/0,MOS-T1A-RT02,GI3/0/0,right_only
885,MOSCOW,MOS-T1A-RT01,GI3/0/0,MOS-T1A-RT02,GI3/0/0,right_only
886,MOSCOW,MOS-T1A-RT01,POS2/2/0,LN-T1A-HCR01,P4/2/2,right_only
887,MOSCOW,MOS-T1A-RT01,POS2/2/0,LN-T1A-HCR01,P4/2/2,right_only
888,MOSCOW,MOS-T1A-RT02,GI3/1/0,MOS-T1A-RT01,GI3/1/0,right_only
889,MOSCOW,MOS-T1A-RT02,GI3/1/0,MOS-T1A-RT01,GI3/1/0,right_only
890,MOSCOW,MOS-T1A-RT02,GI3/0/0,MOS-T1A-RT01,GI3/0/0,right_only
891,MOSCOW,MOS-T1A-RT02,GI3/0/0,MOS-T1A-RT01,GI3/0/0,right_only
892,MOSCOW,MOS-T1A-RT02,POS2/2/0,FFT-T1A-FNM-HCR01,P4/2/1,right_only
893,MOSCOW,MOS-T1A-RT02,POS2/2/0,FFT-T1A-FNM-HCR01,P4/2/1,right_only
894,MILAN,MIL-T1A-ITMX-HRT01,P1/1/1,MIL-T1A-RT02,GI3/0/4,right_only
895,MILAN,MIL-T1A-ITMX-HRT01,P1/1/1,MIL-T1A-RT02,GI3/0/4,right_only
896,MILAN,MIL-T1A-ITMX-HRT01,P1/1/2,MIL-T1A-RT02,GI3/0/3,right_only
897,MILAN,MIL-T1A-ITMX-HRT01,P1/1/2,MIL-T1A-RT02,GI3/0/3,right_only
898,MILAN,MIL-T1A-ITMX-HRT01,P5/1/13,FFT-T1A-FNM-HCR01,P2/2/3,right_only
899,MILAN,MIL-T1A-ITMX-HRT01,P5/1/13,FFT-T1A-FNM-HCR01,P2/2/3,right_only
900,MILAN,MIL-T1A-RT02,GI2/2/2,PAR-T1A-P96X-HCR01,P1/1/5,right_only
901,MILAN,MIL-T1A-RT02,GI2/2/2,PAR-T1A-P96X-HCR01,P1/1/5,right_only
902,MILAN,MIL-T1A-RT02,GI2/2/3,FFT-T1A-FNM-HCR01,P2/1/11,right_only
903,MILAN,MIL-T1A-RT02,GI2/2/3,FFT-T1A-FNM-HCR01,P2/1/11,right_only
904,MILAN,MIL-T1A-RT02,GI3/0/3,MIL-T1A-ITMX-HRT01,P1/1/2,right_only
905,MILAN,MIL-T1A-RT02,GI3/0/3,MIL-T1A-ITMX-HRT01,P1/1/2,right_only
906,MILAN,MIL-T1A-RT02,GI3/0/4,MIL-T1A-ITMX-HRT01,P1/1/1,right_only
907,MILAN,MIL-T1A-RT02,GI3/0/4,MIL-T1A-ITMX-HRT01,P1/1/1,right_only
908,MADRID,MA-T1A-WV6X-HRT01,P5/1/12,MA-T1A-RT01,GI4/2/2,right_only
909,MADRID,MA-T1A-WV6X-HRT01,P5/1/12,MA-T1A-RT01,GI4/2/2,right_only
910,MADRID,MA-T1A-WV6X-HRT01,P1/1/12,MA-T1A-RT01,GI2/1/1,right_only
911,MADRID,MA-T1A-WV6X-HRT01,P1/1/12,MA-T1A-RT01,GI2/1/1,right_only
912,MADRID,MA-T1A-WV6X-HRT01,P3/1/1,PAR-T1A-P96X-HCR01,P5/1/1,right_only
913,MADRID,MA-T1A-WV6X-HRT01,P3/1/1,PAR-T1A-P96X-HCR01,P5/1/1,right_only
914,MADRID,MA-T1A-WV6X-HRT01,P1/1/9,MOR-T1A-52WX-HRT01,P2/1/25,right_only
915,MADRID,MA-T1A-WV6X-HRT01,P1/1/9,MOR-T1A-52WX-HRT01,P2/1/25,right_only
916,MADRID,MA-T1A-WV6X-HRT01,P1/1/14,LN-T1A-HCR01,P1/2/3,right_only
917,MADRID,MA-T1A-WV6X-HRT01,P1/1/14,LN-T1A-HCR01,P1/2/3,right_only
918,MADRID,MA-T1A-WV6X-HRT01,P3/2/20,PAR-T1A-PV0X-HPE01,P2/2/20,right_only
919,MADRID,MA-T1A-WV6X-HRT01,P3/2/20,PAR-T1A-PV0X-HPE01,P2/2/20,right_only
920,MADRID,MA-T1A-RT01,GI4/2/2,MA-T1A-WV6X-HRT01,P5/1/12,right_only
921,MADRID,MA-T1A-RT01,GI4/2/2,MA-T1A-WV6X-HRT01,P5/1/12,right_only
922,MADRID,MA-T1A-RT01,GI2/1/1,MA-T1A-WV6X-HRT01,P1/1/12,right_only
923,MADRID,MA-T1A-RT01,GI2/1/1,MA-T1A-WV6X-HRT01,P1/1/12,right_only
924,MANCHESTER,MAN-T1A-UKUX-HRT01,P1/1/6,AM-T1A-HRT03,P1/1/6,right_only
925,MANCHESTER,MAN-T1A-UKUX-HRT01,P1/1/6,AM-T1A-HRT03,P1/1/6,right_only
926,MANCHESTER,MAN-T1A-UKUX-HRT01,P5/1/2,LN-T1A-HCR01,P2/1/8,right_only
927,MANCHESTER,MAN-T1A-UKUX-HRT01,P5/1/2,LN-T1A-HCR01,P2/1/8,right_only
928,LISBON,LSB-T1A-PV9X-HRT01,P1/5/1,LN-T1A-L78X-HCR02,P5/1/8,right_only
929,LISBON,LSB-T1A-PV9X-HRT01,P1/5/1,LN-T1A-L78X-HCR02,P5/1/8,right_only
930,LISBON,LSB-T1A-PV9X-HRT01,P1/6/1,PAR-T1A-P96X-HCR01,P5/2/8,right_only
931,LISBON,LSB-T1A-PV9X-HRT01,P1/6/1,PAR-T1A-P96X-HCR01,P5/2/8,right_only
932,PARIS-II,PAR2-T1A-RT01,GI3/2/3,MOR-T1A-52WX-HRT02,P2/1/25,right_only
933,PARIS-II,PAR2-T1A-RT01,TE4/1,PAR-T1A-P96X-HCR02,P3/1/2,right_only
934,PARIS-II,PAR2-T1A-RT01,GI3/1/1,PAR2-T1A-PVUX-HRT02,P5/1/1,right_only
935,PARIS-II,PAR2-T1A-RT01,GI3/1/4,PAR2-T1A-PVUX-HRT02,P1/1/1,right_only
936,PARIS-II,PAR2-T1A-RT01,POS2/1/0,HBG-T1A-HB9X-HRT01,P3/1/10,right_only
937,PARIS-II,PAR2-T1A-RT01,GI3/0/3,PAR-T1A-P96X-HCR01,P1/1/4,right_only
938,PARIS-II,PAR2-T1A-PVUX-HRT02,P1/1/1,PAR2-T1A-RT01,GI3/1/4,right_only
939,PARIS-II,PAR2-T1A-PVUX-HRT02,P5/1/1,PAR2-T1A-RT01,GI3/1/1,right_only
940,PARIS-II,PAR2-T1A-PVUX-HRT02,P1/2/1,PAR-T1A-P96X-HCR01,P5/2/13,right_only
941,AMSTERDAM,AM-T1A-RT01,GI4/1/0,AM-T1A-A99X-HRT01,GE_5/1/3,right_only
942,AMSTERDAM,AM-T1A-RT01,GI2/3/1,AM-T1A-HRT03,GE_1/1/3,right_only
943,AMSTERDAM,AM-T1A-A99X-HRT01,TE_1/1/13,LN-T1A-L78X-HCR02,TE_2/2/2,right_only
944,AMSTERDAM,AM-T1A-A99X-HRT01,GE_5/1/3,AM-T1A-RT01,GIT4/1/0,right_only
945,AMSTERDAM,AM-T1A-A99X-HRT01,TE_3/1/1,LN-T1A-L78X-HCR02,TE_3/1/4,right_only
946,AMSTERDAM,AM-T1A-HRT03,GE_1/1/3,AM-T1A-RT01,GI2/3/1,right_only
947,AMSTERDAM,AM-T1A-HRT03,TE_2/1/13,PAR-T1A-P96X-HCR02,TE_3/2/1,right_only
948,AMSTERDAM,AM-T1A-HRT03,TE_3/2/1,AM-T1A-A99X-HRT01,TE_1/1/14,right_only
949,AMSTERDAM,AM-T1A-HRT03,TE_1/1/14,AM-T1A-A99X-HRT01,TE_5/1/13,right_only
950,AMSTERDAM,AM-T1A-HRT03,GE_1/1/6,MAN-T1A-UKUX-HRT01,GE_1/1/6,right_only
951,AMSTERDAM,AM-T1A-HRT03,TE_1/2/2,PAR-T1A-P96X-HCR01,TE_1/2/2,right_only
952,BUDAPEST,BUD-T1A-RT01,GI2/1/4,BUD-T1A-RT02,GI2/1/1,right_only
953,BUDAPEST,BUD-T1A-RT01,GI3/0/1,BUD-T1A-RT02,GI3/0/1,right_only
954,BUDAPEST,BUD-T1A-RT01,GI3/0/0,BUD-T1A-RT02,GI3/0/0,right_only
955,BUDAPEST,BUD-T1A-RT01,GI2/1/0,FFT-T1A-FNM-HCR01,GE_3/1/10,right_only
956,BUDAPEST,BUD-T1A-RT02,GI2/1/1,BUD-T1A-RT01,GI2/1/4,right_only
957,BUDAPEST,BUD-T1A-RT02,GI3/0/3,FFT2-T1A-FEQX-HRT01,GE_1/1/2,right_only
958,BUDAPEST,BUD-T1A-RT02,GI3/0/1,BUD-T1A-RT01,GI3/0/1,right_only
959,BUDAPEST,BUD-T1A-RT02,GI3/0/0,BUD-T1A-RT01,GI3/0/0,right_only
960,BRUSSELS,BRU-T1A-RT01,GI2/0/0,PAR-T1A-P96X-HCR02,GE_1/1/7,right_only
961,BRUSSELS,BRU-T1A-RT01,GI7/1/0,LN2-T1A-LDNX-HRT02,GE_5/1/1,right_only
962,CRESSEX,CRX-T1A-HW1X-HRT02,TE_5/1/14,HBG-T1A-HB9X-HRT01,TE_5/1/14,right_only
963,CRESSEX,CRX-T1A-HW1X-HRT99,TE_2/1/13,CRX-T1A-HW1X-HRT02,TE_5/1/13,right_only
964,CRESSEX,CRX-T1A-HW1X-HRT99,TE_1/1/13,CRX-T1A-HW1X-HRT02,TE_2/2/2,right_only
965,CRESSEX,CRX-T1A-HW1X-HRT99,GE_2/1/7:108,GIN-HW1-THAR2,GE-0/3/8,right_only
966,COPENHAGEN,COP-T1A-ACPHB-HRT01,GE_1/1/1,STO-T1A-STKX-HRT01,GE_1/3/4,right_only
967,COPENHAGEN,COP-T1A-ACPHB-HRT01,TE_1/2/13,AM-T1A-A99X-HRT01,TE_2/2/2,right_only
968,FRANKFURT I,FFT-T1A-FNM-HCR01,GE_3/1/7,FFT-T1A-RT07-ASBR,GI0/0/1,right_only
969,FRANKFURT I,FFT-T1A-FNM-HCR01,GE_2/1/11,MIL-T1A-RT02,GI2/2/3,right_only
970,FRANKFURT I,FFT-T1A-FNM-HCR01,TE_3/1/14,FFT-T1A-FNM-HPE01,TE_2/1/13,right_only
971,FRANKFURT I,FFT-T1A-FNM-HCR01,TE_4/1/2,AM-T1A-HRT03,TE_4/1/2,right_only
972,FRANKFURT I,FFT-T1A-FNM-HCR01,STM4_4/2/1,MOS-T1A-RT02,POS2/2/0,right_only
973,FRANKFURT I,FFT-T1A-FNM-HCR01,TE_2/2/2,FFT-T1A-FNMX-HCR02,TE_5/1/13,right_only
974,FRANKFURT I,FFT-T1A-FNM-HCR01,TE_2/2/1,FFT3-T1A-FR1X-HRT01,TE_1/1/13,right_only
975,FRANKFURT I,FFT-T1A-FNM-HCR01,GE_3/1/4,FFT-T1A-RT07-ASBR,GI0/0/3,right_only
976,FRANKFURT I,FFT-T1A-FNM-HCR01,TE_2/1/13,COP-T1A-ACPHB-HRT01,TE_2/1/13,right_only
977,FRANKFURT I,FFT-T1A-FNM-HCR01,GE_2/1/5,IST-T1A-RT01,GI3/0/2,right_only
978,FRANKFURT I,FFT-T1A-FNM-HCR01,TE_2/2/3,MIL-T1A-ITMX-HRT01,TE_5/1/13,right_only
979,FRANKFURT I,FFT-T1A-FNM-HCR01,GE_2/1/9,HEL1-T1A-HRT01,GE_2/1/2,right_only
980,FRANKFURT I,FFT-T1A-FNM-HCR01,TE_2/1/14,FFT-T1A-HPE02,TE_5/1/13,right_only
981,FRANKFURT I,FFT-T1A-FNM-HCR01,GE_3/1/10,BUD-T1A-RT01,GI2/1/0,right_only
982,FRANKFURT I,FFT-T1A-FNM-HCR01,TE_1/1/1,AM-T1A-HRT03,TE_1/2/1,right_only
983,FRANKFURT I,FFT-T1A-FNM-HCR01,GE_3/1/8,IST2-T1A-HRT01,GE_1/8/3,right_only
984,FRANKFURT I,FFT-T1A-FNM-HCR01,TE_4/1/4,FFT-T1A-FNMX-HCR02,TE_1/1/13,right_only
985,FRANKFURT I,FFT-T1A-FNM-HCR01,GE_2/1/1,ZU-T1A-RT01,GI2/1/1,right_only
986,FRANKFURT I,FFT-T1A-FNMX-HCR02,TE_5/1/13,FFT-T1A-FNM-HCR01,TE_2/2/2,right_only
987,FRANKFURT I,FFT-T1A-FNMX-HCR02,TE_1/1/13,FFT-T1A-FNM-HCR01,TE_4/1/4,right_only
988,FRANKFURT I,FFT-T1A-FNMX-HCR02,TE_1/2/1,FFT-T1A-FNM-HPE01,TE_5/1/14,right_only
989,FRANKFURT I,FFT-T1A-FNMX-HCR02,TE_5/1/14,FFT-T1A-HPE02,TE_3/1/14,right_only
990,FRANKFURT I,FFT-T1A-FNMX-HCR02,GE_5/1/4,FFT-T1A-RT07-ASBR,GI1/0/0,right_only
991,FRANKFURT I,FFT-T1A-FNMX-HCR02,GE_5/1/5,FFT-T1A-RT07-ASBR,GI1/0/2,right_only
992,FRANKFURT I,FFT-T1A-FNMX-HCR02,TE_1/1/14,PAR-T1A-P96X-HCR01,TE_1/1/14,right_only
993,FRANKFURT I,FFT-T1A-FNMX-HCR02,TE_3/1/1,PAR-T1A-P96X-HCR01,TE_1/2/1,right_only
994,FRANKFURT I,FFT-T1A-FNMX-HCR02,GE_1/1/5,IST2-T1A-HRT01,GE_1/8/2,right_only
995,FRANKFURT I,FFT-T1A-FNMX-HCR02,TE_1/2/4,MUN-T1A-MU1X-HRT01,TE_1/1/13,right_only
996,FRANKFURT I,FFT-T1A-FNMX-HCR02,GE_1/1/6,STO-T1A-STKX-HRT02,GE_1/1/13,right_only
997,FRANKFURT I,FFT-T1A-FNMX-HCR02,GE_5/1/7,WA-T1A-WZNX-HPE01,GE_1/11/4,right_only
998,FRANKFURT I,FFT-T1A-FNMX-HCR02,TE_3/1/4,FFT2-T1A-FEQ-RT02,TE8/1,right_only
999,FRANKFURT I,FFT-T1A-FNM-HPE01,TE_5/1/14,FFT-T1A-FNMX-HCR02,TE_1/2/1,right_only
1000,FRANKFURT I,FFT-T1A-FNM-HPE01,TE_2/1/13,FFT-T1A-FNM-HCR01,TE_3/1/14,right_only
1001,FRANKFURT I,FFT-T1A-HPE02,TE_5/1/13,FFT-T1A-FNM-HCR01,TE_2/1/14,right_only
1002,FRANKFURT I,FFT-T1A-HPE02,TE_3/1/14,FFT-T1A-FNMX-HCR02,TE_5/1/14,right_only
1003,FRANKFURT II,FFT2-T1A-FEQ-RT01,GI2/1/4,FFT2-T1A-FEQX-HRT01,GE_1/1/1,right_only
1004,FRANKFURT II,FFT2-T1A-FEQ-RT01,GI3/0/1,FFT2-T1A-FEQ-RT02,GI3/0/1,right_only
1005,FRANKFURT II,FFT2-T1A-FEQ-RT01,GI3/0/0,FFT2-T1A-FEQ-RT02,GI3/0/0,right_only
1006,FRANKFURT II,FFT2-T1A-FEQ-RT02,TE8/1,FFT-T1A-FNMX-HCR02,TE_3/1/4,right_only
1007,FRANKFURT II,FFT2-T1A-FEQ-RT02,GI7/2,FFT2-T1A-FEQX-HRT01,GE_5/1/2,right_only
1008,FRANKFURT II,FFT2-T1A-FEQ-RT02,GI7/1,FFT2-T1A-FEQX-HRT01,GE_5/1/1,right_only
1009,FRANKFURT II,FFT2-T1A-FEQ-RT02,TE4/2,FFT2-T1A-FEQX-HRT01,TE_1/1/13,right_only
1010,FRANKFURT II,FFT2-T1A-FEQ-RT02,TE4/1,MUN-T1A-MU1X-HRT01,TE_5/1/13,right_only
1011,FRANKFURT II,FFT2-T1A-FEQ-RT02,GI3/0/1,FFT2-T1A-FEQ-RT01,GI3/0/1,right_only
1012,FRANKFURT II,FFT2-T1A-FEQ-RT02,GI3/0/0,FFT2-T1A-FEQ-RT01,GI3/0/0,right_only
1013,FRANKFURT II,FFT2-T1A-FEQ-RT02,GI2/1/3,WA-T1A-WZNX-HPE02,GE_1/9/3,right_only
1014,FRANKFURT II,FFT2-T1A-FEQX-HRT01,GE_1/1/1,FFT2-T1A-FEQ-RT01,GI2/1/4,right_only
1015,FRANKFURT II,FFT2-T1A-FEQX-HRT01,GE_5/1/1,FFT2-T1A-FEQ-RT02,GI7/1,right_only
1016,FRANKFURT II,FFT2-T1A-FEQX-HRT01,GE_5/1/2,FFT2-T1A-FEQ-RT02,GI7/2,right_only
1017,FRANKFURT II,FFT2-T1A-FEQX-HRT01,TE_5/1/13,FFT3-T1A-FR1X-HRT01,TE_5/1/13,right_only
1018,FRANKFURT II,FFT2-T1A-FEQX-HRT01,TE_1/1/13,FFT2-T1A-FEQ-RT02,TE4/2,right_only
1019,FRANKFURT II,FFT2-T1A-FEQX-HRT01,GE_1/1/2,BUD-T1A-RT02,GI/0/3,right_only
1020,FRANKFURT II,FFT2-T1A-FEQX-HRT01,TE_2/1/13,PAR-T1A-CR02,TE7/1,right_only
1021,PARIS I,PAR-T1A-RT01,GI1/1/1,PAR-T1A-CR02,GI4/1/0,right_only
1022,PARIS I,PAR-T1A-RT01,GI1/1/1,PAR-T1A-CR02,GI4/1/0,right_only
1023,PARIS I,PAR-T1A-RT01,GI1/1/0,PAR-T1A-P96X-HCR01,GE_5/2/12,right_only
1024,PARIS I,PAR-T1A-RT01,GI1/1/0,PAR-T1A-P96X-HCR01,GE_5/2/12,right_only
1025,PARIS I,PAR-T1A-RT01,GI2/2/1,PAR-T1A-CR02,GI4/1/3,right_only
1026,PARIS I,PAR-T1A-RT01,GI2/2/1,PAR-T1A-CR02,GI4/1/3,right_only
1027,PARIS I,PAR-T1A-RT01,GI2/2/0,PAR-T1A-P96X-HCR01,GE_1/1/1,right_only
1028,PARIS I,PAR-T1A-RT01,GI2/2/0,PAR-T1A-P96X-HCR01,GE_1/1/1,right_only
1029,LONDON,LN-T1A-HCR01,TE_2/1/14,LN-T1A-L78X-HCR02,TE_5/2/1,right_only
1030,LONDON,LN-T1A-HCR01,TE_3/1/14,PAR-T1A-P96X-HCR01,TE_5/2/14,right_only
1031,LONDON,LN-T1A-HCR01,STM16_5/1/2,DU-T1A-RT01,POS9/2/0,right_only
1032,LONDON,LN-T1A-HCR01,GE_3/1/4,CAP-T1A-RT02,GIGABITETHERNET0/3,right_only
1033,LONDON,LN-T1A-HCR01,GE_2/1/7,ABI-T1A-V38X-HRT01,GE_1/3/1,right_only
1034,LONDON,LN-T1A-HCR01,GE_3/1/6,LN-T1A-L78X-HRV01,GE_1/1/1,right_only
1035,LONDON,LN-T1A-HCR01,STM1_4/2/3,LAG-T1A-RT01,POS1/1/0,right_only
1036,LONDON,LN-T1A-HCR01,TE_1/2/2,CRX-T1A-HW1X-HRT01,TE_5/1/14,right_only
1037,LONDON,LN-T1A-HCR01,TE_1/2/1,LN2-T1A-LDNX-HRT02,TE_1/1/13,right_only
1038,LONDON,LN-T1A-HCR01,GE_2/1/5,LN-T1A-RT02,GIGABITETHERNET0/1,right_only
1039,LONDON,LN-T1A-HCR01,TE_4/1/3,PAR-T1A-P96X-HCR01,TE_2/2/1,right_only
1040,LONDON,LN-T1A-HCR01,GE_2/1/11,MU-ME01-HCR01,GE_8/2/4,right_only
1041,LONDON,LN-T1A-HCR01,GE_3/1/10,MU-ME01-HCR01,GE_8/2/3,right_only
1042,LONDON,LN-T1A-HCR01,GE_3/1/11,MU-ME01-HCR01,GE_8/2/8,right_only
1043,LONDON,LN-T1A-HCR01,TE_4/1/4,MU-ME01-HCR01,TE_2/1/3,right_only
1044,LONDON,LN-T1A-HCR01,TE_1/2/3,MA-T1A-WV6X-HRT01,TE_1/1/14,right_only
1045,LONDON,LN-T1A-HCR01,STM4_4/2/16,CAP-T1A-EAGX-HRT01,STM4_3/2/9,right_only
1046,LONDON,LN-T1A-HCR01,GE_2/1/8,MAN-T1A-UKUX-HRT01,GE_5/1/2,right_only
1047,LONDON,LN-T1A-HCR01,GE_3/1/8,DJI-T1A-YPQX-HRT01,GE_1/1/17,right_only
1048,LONDON,LN-T1A-HCR01,TE-4/1/2,LN-T1A-L78X-HCR02,P2/2/4,right_only
1049,LONDON,LN-T1A-HCR01,STM1_4/2/15,CAI-T1A-WE7X-HRT01,STM1_1/6/1,right_only
1050,PARIS I,PAR-T1A-RT03,GI7/0/0,PAR-T1A-P96X-HCR02,GE_1/1/2,right_only
1051,PARIS I,PAR-T1A-RT03,GI2/1/3,PAR-T1A-P96X-HCR02,GE_1/1/1,right_only
1052,PARIS I,PAR-T1A-RT03,GI3/0/3,PAR-T1A-P96X-HCR01,GE_5/2/2,right_only
1053,PARIS I,PAR-T1A-RT03,GI2/0/0,PAR-T1A-P96X-HCR01,GE_5/2/1,right_only
1054,PARIS I,PAR-T1A-RT03,GI2/0/1,PAR-T1A-CR02,GI4/1/4,right_only
1055,PARIS I,PAR-T1A-RT03,GI3/1/0,PAR-T1A-CR02,GI4/1/2,right_only
1056,PARIS I,PAR-T1A-CR02,TE2/2,PAR-T1A-P96X-HCR01,TE_1/2/3,right_only
1057,PARIS I,PAR-T1A-CR02,GI4/1/4,PAR-T1A-RT03,GI2/0/1,right_only
1058,PARIS I,PAR-T1A-CR02,GI4/1/2,PAR-T1A-RT03,GI3/1/0,right_only
1059,PARIS I,PAR-T1A-CR02,GI4/1/3,PAR-T1A-RT01,GI2/2/1,right_only
1060,PARIS I,PAR-T1A-CR02,GI4/1/0,PAR-T1A-RT01,GI1/1/1,right_only
1061,PARIS I,PAR-T1A-CR02,TE9/2,PAR-T1A-P96X-HCR01,TE_1/1/13,right_only
1062,PARIS I,PAR-T1A-CR02,TE3/2,PAR-T1A-PV0X-HPE01,TE_5/1/13,right_only
1063,PARIS I,PAR-T1A-PV0X-HPE01,TE_2/1/4,PAR-T1A-P96X-HCR02,TE_3/1/1,right_only
1064,PARIS I,PAR-T1A-PV0X-HPE01,TE_5/1/13,PAR-T1A-CR02,TE3/2,right_only
1065,PARIS I,PAR-T1A-PV0X-HPE01,GE_2/2/20,MA-T1A-WV6X-HRT01,GE_3/2/20,right_only
1066,PARIS I,PAR-T1A-PV0X-HPE01,TE_1/1/14,PAR-T1A-P96X-HCR01,TE_2/2/3,right_only
1067,PARIS I,PAR-T1A-P96X-HCR01,TE_1/1/13,PAR-T1A-CR02,TE9/2,right_only
1068,PARIS I,PAR-T1A-P96X-HCR01,TE_5/2/13,PAR2-T1A-PVUX-HRT02,TE_1/2/1,right_only
1069,PARIS I,PAR-T1A-P96X-HCR01,TE_1/1/14,FFT-T1A-FNMX-HCR02,TE_1/1/14,right_only
1070,PARIS I,PAR-T1A-P96X-HCR01,GE_5/2/2,PAR-T1A-RT03,GI3/0/3,right_only
1071,PARIS I,PAR-T1A-P96X-HCR01,GE_1/1/1,PAR-T1A-RT01,GI2/2/0,right_only
1072,PARIS I,PAR-T1A-P96X-HCR01,GE_5/2/1,PAR-T1A-RT03,GI2/0/0,right_only
1073,PARIS I,PAR-T1A-P96X-HCR01,GE_5/2/12,PAR-T1A-RT01,GI1/1/0,right_only
1074,PARIS I,PAR-T1A-P96X-HCR01,TE_1/2/1,FFT-T1A-FNMX-HCR02,TE_3/1/1,right_only
1075,PARIS I,PAR-T1A-P96X-HCR01,GE_1/1/4,PAR2-T1A-RT01,GI3/0/3,right_only
1076,PARIS I,PAR-T1A-P96X-HCR01,STM1_5/1/1,MA-T1A-WV6X-HRT01,STM1_3/1/1,right_only
1077,PARIS I,PAR-T1A-P96X-HCR01,GE_5/2/3,GEN-T1A-GVSX-HRT01,GE_5/1/2,right_only
1078,PARIS I,PAR-T1A-P96X-HCR01,TE_2/2/1,LN-T1A-HCR01,TE_4/1/3,right_only
1079,PARIS I,PAR-T1A-P96X-HCR01,TE_5/2/14,LN-T1A-HCR02,TE_3/1/14,right_only
1080,PARIS I,PAR-T1A-P96X-HCR01,TE_2/2/3,PAR-T1A-PV0X-HPE01,TE_1/1/14,right_only
1081,PARIS I,PAR-T1A-P96X-HCR01,GE_1/1/5,MIL-T1A-RT02,GI2/2/2,right_only
1082,PARIS I,PAR-T1A-P96X-HCR01,TE_2/2/2,PAR-T1A-P96X-HCR02,TE_1/1/14,right_only
1083,PARIS I,PAR-T1A-P96X-HCR01,GE_5/1/15,DUR-T1A-EAOX-HRT01,GE_2/2/9,right_only
1084,PARIS I,PAR-T1A-P96X-HCR01,GE_5/2/8,LSB-T1A-PV9X-HRT01,GE_1/6/1,right_only
1085,PARIS I,PAR-T1A-P96X-HCR01,TE_1/2/2,AM-T1A-HRT03,TE_1/2/2,right_only
1086,PARIS I,PAR-T1A-P96X-HCR01,TE_1/2/4,PAR-T1A-P96X-HCR02,TE_3/2/2,right_only
1087,PARIS I,PAR-T1A-P96X-HCR01,TE_1/2/3,PAR-T1A-CR02,TE2/2,right_only
1088,PARIS I,PAR-T1A-P96X-HCR02,GE_1/1/1,PAR-T1A-RT03,GI2/1/3,right_only
1089,PARIS I,PAR-T1A-P96X-HCR02,GE_1/1/2,PAR-T1A-RT03,GI7/0/0,right_only
1090,PARIS I,PAR-T1A-P96X-HCR02,TE_3/1/1,PAR-T1A-PV0X-HPE01,TE_2/1/4,right_only
1091,PARIS I,PAR-T1A-P96X-HCR02,TE_3/1/2,PAR2-T1A-RT01,TE4/1,right_only
1092,PARIS I,PAR-T1A-P96X-HCR02,TE_3/1/3,LN2-T1A-LDNX-HRT01,TE_4/2/13,right_only
1093,PARIS I,PAR-T1A-P96X-HCR02,TE_1/1/14,PAR-T1A-P96X-HCR01,TE_2/2/2,right_only
1094,PARIS I,PAR-T1A-P96X-HCR02,TE_3/2/2,PAR-T1A-P96X-HCR01,TE_1/2/4,right_only
1095,PARIS I,PAR-T1A-P96X-HCR02,LAG_50,MU-ME01-HCR01,LAG_50,right_only
1096,PARIS I,PAR-T1A-P96X-HCR02,STM16_5/2/1,DU-T1A-RT03,POS9/2/0,right_only
1097,PARIS I,PAR-T1A-P96X-HCR02,GE_1/1/7,BRU-T1A-RT01,GI2/0/0,right_only
1098,PARIS I,PAR-T1A-P96X-HCR02,TE_3/2/1,AM-T1A-HRT03,TE_2/1/13,right_only
1099,PARIS I,PAR-T1A-P96X-HCR02,TE_5/1/1,FFT2-T1A-FEQX-HRT01,TE_2/1/13,right_only
1100,PARIS I,PAR-T1A-P96X-HCR02,TE_1/1/13,NY-T1A-N99X-HCR01,TE_1/1/13,right_only
1101,PARIS I,PAR-T1A-P96X-HCR02,TE_5/1/4,SI2-T1A-SVQX-HCR02,TE_5/2/2,right_only
1102,PARIS I,PAR-T1A-P96X-HCR02,TE_3/2/4,NY-T1A-N99X-HCR01,TE_2/2/4,right_only
1103,BAHRAIN,BAH-T1A-HRT01,P1/12/2,DOH-T1A-RT01,POS0/1/0,right_only
1104,BAHRAIN,BAH-T1A-HRT01,P1/11/1,RYD-T1A-RT01,POS3/1/0,right_only
1105,DOHA-I,DOH-T1A-RT01,POS0/1/0,BAH-T1A-HRT01,P1/12/2,right_only
1106,DOHA-I,DOH-T1A-RT01,GI0/0/2,RYD-T1A-RT01,GI4/0/2,right_only
1107,DOHA-I,DOH-T1A-RT01,POS0/2/0,DOH2-T1A-UN4X-HRT01,P1/2/9,right_only
1108,DOHA-II,DOH2-T1A-UN4X-HRT01,P1/2/9,DOH-T1A-RT01,POS0/2/0,right_only
1109,DOHA-II,DOH2-T1A-UN4X-HRT01,P5/2/9,FUJ-T1A-HRT01,P5/1/9,right_only
1110,FUJAIRAH,FUJ-T1A-HRT01,P5/1/1,RYD-T1A-RT01,POS3/1/1,right_only
1111,FUJAIRAH,FUJ-T1A-HRT01,P4/1/3,MU-ME01-HCR01,P10/2/16,right_only
1112,FUJAIRAH,FUJ-T1A-HRT01,P5/1/11,DU-T1A-RT01,POS9/0/0,right_only
1113,FUJAIRAH,FUJ-T1A-HRT01,P2/1/3,NAI2-T1A-HRT01,P1/8/5,right_only
1114,FUJAIRAH,FUJ-T1A-HRT01,P5/1/9,DOH2-T1A-UN4X-HRT01,P5/2/9,right_only
1115,FUJAIRAH,FUJ-T1A-HRT01,P2/1/5,DJI-T1A-YPQX-HRT01,P2/1/17,right_only
1116,FUJAIRAH,FUJ-T1A-HRT01,P4/1/15,KAR-T1A-RT01,POS0/3/1,right_only
1117,FUJAIRAH,FUJ-T1A-HRT01,P5/1/7,MUS-T1A-OB6X-HRT01,P1/10/1,right_only
1118,RIYADH,RYD-T1A-RT01,GI3/0/1,MU-ME01-HCR01,P8/1/19,right_only
1119,RIYADH,RYD-T1A-RT01,POS3/1/1,FUJ-T1A-HRT01,P5/1/1,right_only
1120,RIYADH,RYD-T1A-RT01,POS3/1/0,BAH-T1A-HRT01,P1/11/1,right_only
1121,RIYADH,RYD-T1A-RT01,GI4/0/2,DOH-T1A-RT01,GI0/0/2,right_only
1122,MUSCAT,MUS-T1A-OB6X-HRT01,P1/5/2,MU-ME01-HABR01,P10/1/3,right_only
1123,MUSCAT,MUS-T1A-OB6X-HRT01,P1/10/1,FUJ-T1A-HRT01,P5/1/7,right_only
1124,DUBAI,DU-T1A-RT01,GI9/3/1,DU-T1A-RT03,GI9/3/1,right_only
1125,DUBAI,DU-T1A-RT01,GI40/0/0,DU-T1A-RT03,GI4/0/0,right_only
1126,DUBAI,DU-T1A-RT01,POS9/0/0,FUJ-T1A-HRT01,P5/1/11,right_only
1127,DUBAI,DU-T1A-RT01,POS9/2/0,LN-T1A-HCR01,P5/1/2,right_only
1128,DUBAI,DU-T1A-RT03,GI9/3/1,DU-T1A-RT01,GI9/3/1,right_only
1129,DUBAI,DU-T1A-RT03,GI4/0/0,DU-T1A-RT01,GI40/0/0,right_only
1130,DUBAI,DU-T1A-RT03,POS9/2/0,PAR-T1A-P96X-HCR02,P5/2/1,right_only
1131,DUBAI,DU-T1A-RT03,POS9/1/0,MU-ME01-HCR02,P2/2/10,right_only
1132,CAPETOWN,CAP-T1A-RT01,GIGABITETHERNET0/1,CAP-T1A-RT02,GIGABITETHERNET0/1,right_only
1133,CAPETOWN,CAP-T1A-RT01,GIGABITETHERNET0/3,CAP-T1A-EAGX-HRT01,GE_1/1/4,right_only
1134,CAPETOWN,CAP-T1A-RT01,GIGABITETHERNET0/1,CAP-T1A-RT01,GIGABITETHERNET0/1,right_only
1135,CAPETOWN,CAP-T1A-RT01,GIGABITETHERNET0/3,LN-T1A-HCR01,GE_3/1/4,right_only
1136,CAPETOWN,CAP-T1A-EAGX-HRT01,GE_1/1/4,CAP-T1A-RT01,GIGABITETHERNET0/3,right_only
1137,CAPETOWN,CAP-T1A-EAGX-HRT01,GE_1/1/1,JOB-T1A-EOPX-HRT01,GE_5/1/1,right_only
1138,CAPETOWN,CAP-T1A-EAGX-HRT01,GE_1/1/2,CAP-T1A-EAGX-HRT02,GE_1/1/2,right_only
1139,CAPETOWN,CAP-T1A-EAGX-HRT01,GE_5/1/2,CAP-T1A-EAGX-HRT02,GE_5/1/2,right_only
1140,CAPETOWN,CAP-T1A-EAGX-HRT01,STM4_3/2/9,LN-T1A-HCR01,STM4_4/2/16,right_only
1141,CAPETOWN,CAP-T1A-EAGX-HRT01,GE_5/1/6,CAP-T1A-ACPTA-ACN-RT01,GIGABITETHERNET0/0/0,right_only
1142,CAPETOWN,CAP-T1A-EAGX-HRT02,GE_1/1/2,CAP-T1A-EAGX-HRT01,GE_1/1/2,right_only
1143,CAPETOWN,CAP-T1A-EAGX-HRT02,GE_5/1/1,DUR-T1A-EAOX-HRT01,GE_5/1/1,right_only
1144,CAPETOWN,CAP-T1A-EAGX-HRT02,GE_5/1/2,CAP-T1A-EAGX-HRT01,GE_5/1/2,right_only
1145,JOHANNESBURG,JO-T1A-RT01,GIGABITETHERNET7/0/4,JOB-T1A-EOPX-HRT01,GE_5/1/4,right_only
1146,JOHANNESBURG,JO-T1A-RT01,GIGABITETHERNET7/0/3,MAP-T1A-1Z9X-HRT01,GE_1/3/1,right_only
1147,JOHANNESBURG,JO-T1A-RT01,GIGABITETHERNET3/0/0,LN-T1A-L78X-HCR02,GE_5/1/11,right_only
1148,JOHANNESBURG,JOB-T1A-EOPX-HRT01,GE_1/1/1,JOB2-T1A-JHBX-HRT01,GE_5/1/1,right_only
1149,JOHANNESBURG,JOB-T1A-EOPX-HRT01,GE_5/1/1,CAP-T1A-EAGX-HRT01,GE_1/1/1,right_only
1150,JOHANNESBURG,JOB-T1A-EOPX-HRT01,GE_1/1/2,MU-ME01-HCR02,GE_8/2/8,right_only
1151,JOHANNESBURG,JOB-T1A-EOPX-HRT01,GE_5/1/1,JOB-T1A-EOPX-HRT01,GE_1/1/1,right_only
1152,JOHANNESBURG,JOB-T1A-EOPX-HRT01,GE_1/1/1,DUR-T1A-EAOX-HRT01,GE_1/1/1,right_only
1153,JOHANNESBURG,JOB-T1A-EOPX-HRT01,GE_5/1/6,JO-T1A-AJNBA-ACN-RT02,GIGABITETHERNET0/0/0,right_only
1154,DURBAN,DUR-T1A-EAOX-HRT01,GE_2/2/9,PAR-T1A-P96X-HCR01,GE_5/1/15,right_only
1155,DAR-ES-SALAM,DAR-T1A-HRT01,GE_1/7/2,KAM-T1A-HRT01,GE_1/1/2,right_only
1156,DAR-ES-SALAM,DAR-T1A-HRT01,STM1_1/12/1,JO-T1A-RT01,POS3/2/1,right_only
1157,DAR-ES-SALAM,DAR-T1A-HRT01,STM1_1/11/1,MU-ME01-HCR02,STM1_2/2/4,right_only
1158,ACCRA,GH-T1A-RT01,POS1/3/1,LN-T1A-L78X-HCR02,STM1_1/2/1,right_only
1159,ACCRA,GH-T1A-RT01,POS0/3/0,LAG-T1A-RT01,POS0/1/2,right_only
1160,ACCRA,GH-T1A-RT02,NO OSPF NEIGHBOR,NAN,NAN,right_only
1161,HARARE,HAR-T1A-HRT01,GE_1/7/2,JO-T1A-RT01,GIGABITETHERNET7/0/1,right_only
1162,HARARE,HAR-T1A-HRT01,GE_1/7/3,GAB-T1A-7B6X-HRT01,GE_1/7/3,right_only
1163,LAGOS,LAG-T1A-RT01,POS0/1/2,GH-T1A-RT01,PO0/3/0,right_only
1164,LAGOS,LAG-T1A-RT01,POS1/1/0,LN-T1A-HCR01,STM1_4/2/3,right_only
1165,LUSAKA,LUS-T1A-HRT01,NAN,NAN,NAN,right_only
1166,NAIROBI,NAI-T1A-RT01,GIGABITETHERNET3/0/0,LN-T1A-L78X-HCR02,GE_5/1/4,right_only
1167,NAIROBI,NAI-T1A-RT01,GIGABITETHERNET4/0/0,MU-ME01-HCR01,1/2/12,right_only
1168,NAIROBI 2,NAI2-T1A-HRT01,GE_1/7/4,NAI-T1A-RT01,GIGABITETHERNET4/0/2,right_only
1169,NAIROBI 2,NAI2-T1A-HRT01,GE_1/8/4,KAM-T1A-HRT01,GE_1/1/3,right_only
1170,NAIROBI 2,NAI2-T1A-HRT01,STM1_1/12/1,MU-ME01-HCR01,STM1_10/2/4,right_only
1171,NAIROBI 5,NAI2-T1A-HRT01,GE_1/8/5,FUJ-T1A-HRT01,GE_2/1/3,right_only
1172,WINDHOEK,NAM-T1A-XTNX-HRT01,GE_1/10/1,JOB2-T1A-JHBX-HRT01,GE_5/1/4,right_only
1173,LUANDA,LUA-T1A-7B5X-HRT01,GE_1/9/4,LUA-T1A-ALADA-ACN-RT02,GIGABITETHERNET0/0/0,right_only
1174,LUANDA,LUA-T1A-7B5X-HRT01,GE_1/7/5,LN2-T1A-LDNX-HRT01,GE_4/1/6,right_only
1175,LUANDA,LUA-T1A-7B5X-HRT01,GE_1/10/1,LN2-T1A-LDNX-HRT02,GE_1/1/1,right_only
1176,LUANDA,LUA-T1A-7B5X-HRT01,GE_1/9/5,LUA-T1A-ALADA-ACN-RT01,GIGABITETHERNET0/0/0,right_only
1177,GABORONE,GAB-T1A-7B6X-HRT01,GE_1/3/1,JOB-T1A-EOPX-HRT01,GE_2/2/1,right_only
1178,MAPUTO,MAP-T1A-1Z9X-HRT01,GE_1/7/3,JOB2-T1A-JHBX-HRT01,GE_1/1/4,right_only
1179,ABIDJAN,ABI-T1A-V38X-HRT01,GE_1/3/1,LN-T1A-HCR01,GE_2/1/7,right_only
1180,CAIRO,CAI-T1A-WE7X-HRT01,STM1_1/6/1,LN-T1A-HCR01,STM1_4/2/15,right_only
1181,CAIRO,CAI-T1A-WE7X-HRT01,STM1_1/10/1,MU-ME01-HCR02,STM1_2/2/2,right_only
1182,DJIBOUTI,DJI-T1A-YPQX-HRT01,GE_1/1/17,LN-T1A-HCR01,GE_3/1/8,right_only
1183,DJIBOUTI,DJI-T1A-YPQX-HRT01,GE_2/1/17,FUJ-T1A-HRT01,GE_2/1/5,right_only
1184,JOHANNESBURG II,JOB2-T1A-JHBX-HRT01,GE_1/1/1,DUR-T1A-EAOX-HRT01,GE_1/1/1,right_only
1185,JOHANNESBURG II,JOB2-T1A-JHBX-HRT01,GE_5/1/1,JOB-T1A-EOPX-HRT01,GE_1/1/1,right_only
1186,JOHANNESBURG II,JOB2-T1A-JHBX-HRT01,GE_5/1/6,JO-T1A-AJNBA-ACN-RT02,GIGABITETHERNET0/0/0,right_only
1187,JOHANNESBURG II,JOB2-T1A-JHBX-HRT01,GE_1/1/4,MAP-T1A-1Z9X-HRT01,GE_1/7/3,right_only
1188,JOHANNESBURG II,JOB2-T1A-JHBX-HRT01,GE_5/1/4,NAM-T1A-XTNX-HRT01,GE_1/10/1,right_only
1189,AUCKLAND,AUK-T1A-RT01,GI1/0/2,SY2-T1A-0PPX-HRT01,GE_5/1/4,right_only
1190,AUCKLAND,AUK-T1A-RT01,GI1/0/2,SY2-T1A-0PPX-HRT01,GE_5/1/4,right_only
1191,AUCKLAND,AUK-T1A-RT01,GIGABITETHERNET0/0/2,SY-T1A-RT03,GIGABITETHERNET3/1/3,right_only
1192,DHAKA,DHA-T1A-RT01,GIGABITETHERNET1/0/1,SI2-T1A-SVQX-HCR01,GE_1/1/6,right_only
1193,DHAKA,DHA-T1A-RT01,SERIAL0/1/1,KK-ME01-HCR01,DS3_3/1/9,right_only
1194,EMI,EMI-T1A-CR01,TENGIGABITETHERNET4/2,SI2-T1A-SVQX-HCR01,TE_5/2/2,right_only
1195,EMI,EMI-T1A-CR01,TENGIGABITETHERNET9/1,HK2-T1A-KTHX-HRT02,P 3/1/14,right_only
1196,EMI,EMI-T1A-CR01,TENGIGABITETHERNET9/2,LA-T1A-27GX-HPE01,TE_2/2/1,right_only
1197,EMI,EMI-T1A-CR01,POS1/1/0,TK2-T1A-RT01,POS1/1/1,right_only
1198,EMI,EMI-T1A-CR01,TENGIGABITETHERNET7/1,TK-T1A-CR02,TENGIGABITETHERNET7/1,right_only
1199,HONGKONG,HK-T1A-CR02,TENGIGABITETHERNET9/1,SI-T1A-SVWX-HCR02,TE_2/1/4,right_only
1200,HONGKONG,HK-T1A-CR02,GIGABITETHERNET7/0/3,HK-T1A-RT07-NNI,GIGABITETHERNET0/1,right_only
1201,HONGKONG,HK-T1A-CR02,TENGIGABITETHERNET2/1,HK-T1A-H99X-HPE01,TE_1/1/13,right_only
1202,HONGKONG,HK-T1A-CR02,TENGIGABITETHERNET3/1,HK-T1A-H99X-HCR01,TE_1/1/13,right_only
1203,HONGKONG,HK-T1A-CR02,TENGIGABITETHERNET2/2,HK-T1A-H99X-HCR01,TE_5/1/14,right_only
1204,HONGKONG,HK-T1A-CR02,GIGABITETHERNET1/0/2,HK-T1A-RT01,GIGABITETHERNET2/1/2,right_only
1205,HONGKONG,HK-T1A-CR02,GIGABITETHERNET7/0/4,HK-T1A-RT01,GIGABITETHERNET9/0/1,right_only
1206,HONGKONG,HK-T1A-CR02,GIGABITETHERNET1/0/3,HK-T1A-RT02-PE,GIGABITETHERNET4/0/0,right_only
1207,HONGKONG,HK-T1A-CR02,GIGABITETHERNET1/0/1,HK-T1A-RT08-PE,GIGABITETHERNET1/0/1,right_only
1208,HONGKONG,HK-T1A-CR02,GIGABITETHERNET7/0/2,HK-T1A-RT08-PE,GIGABITETHERNET1/0/2,right_only
1209,HONGKONG,HK-T1A-RT01,GIGABITETHERNET9/0/4,HK-T1A-H99X-HCR01,GE_1/1/2,right_only
1210,HONGKONG,HK-T1A-RT01,GIGABITETHERNET9/0/3,HK-T1A-H99X-HCR01,GE_1/1/1,right_only
1211,HONGKONG,HK-T1A-RT01,GIGABITETHERNET8/1,HK-T1A-RT03,GIGABITETHERNET0/1,right_only
1212,HONGKONG,HK-T1A-RT01,GIGABITETHERNET9/0/1,HK-T1A-CR02,GIGABITETHERNET7/0/4,right_only
1213,HONGKONG,HK-T1A-RT01,GIGABITETHERNET2/1/2,HK-T1A-CR02,GIGABITETHERNET1/0/2,right_only
1214,HONGKONG,HK-T1A-RT03,GIGABITETHERNET0/1,HK-T1A-RT01,GIGABITETHERNET8/1,right_only
1215,HONGKONG,HK-T1A-RT07-NNI,GIGABITETHERNET0/1,HK-T1A-CR02,GIGABITETHERNET7/0/3,right_only
1216,HONGKONG,HK-T1A-RT07-NNI,GIGABITETHERNET0/3,HK-T1A-H99X-HCR01,GE_1/1/5,right_only
1217,HONGKONG,HK-T1A-RT08-PE,GIGABITETHERNET4/5,HK-T1A-H99X-HPE02,GE_1/1/8,right_only
1218,HONGKONG,HK-T1A-RT08-PE,GIGABITETHERNET4/6,HK-T1A-H99X-HPE02,GE_1/1/7,right_only
1219,HONGKONG,HK-T1A-RT08-PE,GIGABITETHERNET3/0/4,HK-T1A-H99X-HCR01,GE_5/1/2,right_only
1220,HONGKONG,HK-T1A-RT08-PE,GIGABITETHERNET3/0/3,HK-T1A-H99X-HCR01,GE_5/1/1,right_only
1221,HONGKONG,HK-T1A-RT08-PE,GIGABITETHERNET2/0/0,HK-T1A-RT02-PE,GIGABITETHERNET4/0/3,right_only
1222,HONGKONG,HK-T1A-RT09-ASBR,GIGABITETHERNET0/1/2,HK-T1A-H99X-HCR01,GE_1/1/4,right_only
1223,HONGKONG,HK-T1A-RT09-ASBR,GIGABITETHERNET0/1/1,HK-T1A-H99X-HCR01,GE_1/1/3,right_only
1224,HONGKONG,HK-T1A-RT09-ASBR,GIGABITETHERNET1/0/1,HK-T1A-CR02,GIGABITETHERNET7/0/0,right_only
1225,HONGKONG,HK-T1A-RT09-ASBR,GIGABITETHERNET1/0/0,HK-T1A-CR02,GIGABITETHERNET1/0/0,right_only
1226,HONGKONG,HK-T1A-H99X-HCR01,GE_1/1/2,HK-T1A-RT01,GIGABITETHERNET9/0/4,right_only
1227,HONGKONG,HK-T1A-H99X-HCR01,GE_1/1/1,HK-T1A-RT01,GIGABITETHERNET9/0/3,right_only
1228,HONGKONG,HK-T1A-H99X-HCR01,GE_5/1/4,HK-T1A-RT02-PE,GIGABITETHERNET4/0/2,right_only
1229,HONGKONG,HK-T1A-H99X-HCR01,GE_1/1/5,HK-T1A-RT07-NNI,GIGABITETHERNET0/3,right_only
1230,HONGKONG,HK-T1A-H99X-HPE01,TE_10/1/13,HK-T1A-H99X-HCR01,TE_5/1/13,right_only
1231,HONGKONG,HK-T1A-H99X-HPE02,TE_1/1/13,HK-T1A-H99X-HCR01,TE_4/1/4,right_only
1232,HONGKONG,HK-T1A-H99X-HCR01,GE_5/1/3,VI2-T1A-YQLX-HRT01,GE_2/1/15,right_only
1233,HONGKONG,HK-T1A-H99X-HCR01,P 5/2/10,TAI-T1A-RT01,POS2/0/0,right_only
1234,HONGKONG,HK-T1A-H99X-HCR01,P-1/1/8,BNK2-T1A-C9VX-HRT01,GE_1/3/1,right_only
1235,HONGKONG,HK-T1A-H99X-HCR01,3/1/4,MLA2-T1A-GX0X-HRT01,TE_5/1/13,right_only
1236,HONGKONG,HK-T1A-H99X-HCR01,4/1/3,SEO2-T1A-OO7X-HRT01,TE_1/1/14,right_only
1237,HONGKONG II,HK2-T1A-RT01,GIGABITETHERNET3/0/1,HK2-T1A-RT02,GIGABITETHERNET3/0/1,right_only
1238,HONGKONG II,HK2-T1A-RT01,GIGABITETHERNET3/0/0,HK2-T1A-RT02,GIGABITETHERNET3/0/0,right_only
1239,HONGKONG II,HK2-T1A-RT01,TENGIGABITETHERNET8/2,HK2-T1A-KTHX-HRT01,TE_1/1/13,right_only
1240,HONGKONG II,HK2-T1A-RT01,GIGABITETHERNET4/1/2,HK2-T1A-RT02,GIGABITETHERNET4/0/2,right_only
1241,HONGKONG II,HK2-T1A-RT01,GIGABITETHERNET4/1/1,HK2-T1A-RT02,GIGABITETHERNET4/0/1,right_only
1242,HONGKONG II,HK2-T1A-KTHX-HRT01,TE_1/1/13,HK2-T1A-RT01,TENGIGABITETHERNET8/2,right_only
1243,HONGKONG II,HK2-T1A-KTHX-HRT01,TE_1/1/14,HK2-T1A-KTHX-HRT02,TE_1/1/13,right_only
1244,HONGKONG II,HK2-T1A-KTHX-HRT01,TE_5/1/14,HK2-T1A-KTHX-HRT02,TE_3/1/13,right_only
1245,HONGKONG II,HK2-T1A-KTHX-HRT01,TE_5/1/13,SI2-T1A-SVQX-HCR01,TE_5/2/3,right_only
1246,HONGKONG II,HK2-T1A-RT02,GIGABITETHERNET3/0/1,HK2-T1A-RT01,GIGABITETHERNET3/0/1,right_only
1247,HONGKONG II,HK2-T1A-RT02,GIGABITETHERNET3/0/0,HK2-T1A-RT01,GIGABITETHERNET3/0/0,right_only
1248,HONGKONG II,HK2-T1A-RT02,GIGABITETHERNET4/0/2,HK2-T1A-RT01,GIGABITETHERNET4/1/2,right_only
1249,HONGKONG II,HK2-T1A-RT02,GIGABITETHERNET4/0/1,HK2-T1A-RT01,GIGABITETHERNET4/1/1,right_only
1250,HONGKONG II,HK2-T1A-RT02,GIGABITETHERNET4/0/4,HK2-T1A-KTHX-HRT02,GE_3/1/3,right_only
1251,HONGKONG II,HK2-T1A-RT02,GIGABITETHERNET4/0/3,HK2-T1A-KTHX-HRT02,GE_1/1/3,right_only
1252,HONGKONG II,HK2-T1A-KTHX-HRT02,TE_1/1/13,HK2-T1A-KTHX-HRT01,TE_1/1/14,right_only
1253,HONGKONG II,HK2-T1A-KTHX-HRT02,TE_3/1/13,HK2-T1A-KTHX-HRT01,TE_5/1/14,right_only
1254,HONGKONG II,HK2-T1A-KTHX-HRT02,GE_3/1/3,HK2-T1A-RT02,GIGABITETHERNET4/0/4,right_only
1255,HONGKONG II,HK2-T1A-KTHX-HRT02,GE_1/1/3,HK2-T1A-RT02,GIGABITETHERNET4/0/3,right_only
1256,HONGKONG II,HK2-T1A-KTHX-HRT02,TE_3/1/14,EMI-T1A-CR01,TENGIGABITETHERNET9/1,right_only
1257,HONGKONG II,HK2-T1A-KTHX-HRT02,TE_1/1/14,HK-T1A-H99X-HCR01,TE_4/1/2,right_only
1258,JAKARTA,JK-T1A-RT01,POS1/1/1,SI2-T1A-SVQX-HCR01,STM1_1/2/2,right_only
1259,JAKARTA,JK-T1A-RT01,POS1/1/0,SI2-T1A-SVQX-HCR01,STM1_1/2/1,right_only
1260,JAKARTA,JK-T1A-RT01,GIGABITETHERNET1/0/2,JK2-T1A-IJNX-RT01,GIGABITETHERNET1/0/1,right_only
1261,JAKARTA II,JK2-T1A-IJNX-RT01,GIGABITETHERNET1/0/1,JK-T1A-RT01,POS1/1/0,right_only
1262,JAKARTA II,JK2-T1A-IJNX-RT01,POS1/1/1,SI-T1A-HCR01,STM1_5/2/2,right_only
1263,JAKARTA II,JK2-T1A-IJNX-RT01,POS1/1/0,SI-T1A-HCR01,STM1_5/2/1,right_only
1264,KUALALUMPUR II,KL2-T1A-KT1X-HRT01,GE_1/1/1,KL-T1A-KVDX-HRT01,GE_2/1/6,right_only
1265,KUALALUMPUR II,KL2-T1A-KT1X-HRT01,GE_1/1/6,KL-T1A-YUQX-ACN-RT01,GIGABITETHERNET0/2/1,right_only
1266,KUALALUMPUR II,KL2-T1A-KT1X-HRT01,GE_1/1/5,KL-T1A-KVDX-HRT01,GE_1/1/8,right_only
1267,KUALALUMPUR II,KL2-T1A-KT1X-HRT01,GE_5/1/3,SI-T1A-SVWX-HCR02,GE_1/1/6,right_only
1268,KUALALUMPUR,KL-T1A-KVDX-HRT01,GE_2/1/6,KL2-T1A-KT1X-HRT01,GE_1/1/1,right_only
1269,KUALALUMPUR,KL-T1A-KVDX-HRT01,GE_1/1/8,KL2-T1A-KT1X-HRT01,GE_1/1/5,right_only
1270,KUALALUMPUR,KL-T1A-KVDX-HRT01,GE_1/1/6,SI2-T1A-SVQX-HCR02,GE_1/1/1,right_only
1271,KUALALUMPUR,KL-T1A-KVDX-HRT01,GE_1/1/10,KL-T1A-KKZX-ACN-RT01,GIGABITETHERNET0/2/1,right_only
1272,KUALALUMPUR,KL-T1A-KVDX-HRT01,GE_1/1/9,KL-T1A-KVDX-RT03,GIGABITETHERNET0/0/0,right_only
1273,KUALALUMPUR,KL-T1A-KVDX-HRT01,GE_2/1/9,KL-T1A-KVDX-RT03,GIGABITETHERNET1/0/0,right_only
1274,MELBOURNE,MLB-T1A-1MEX-HRT01,TE_1/1/14,SY-T1A-M3HX-HRT01,TE_4/1/14,right_only
1275,MELBOURNE,MLB-T1A-1MEX-HRT01,TE_5/1/14,MLB2-T1A-JN1X-HRT01,TE_2/2/14,right_only
1276,MELBOURNE,MLB-T1A-RT01,GIGABITETHERNET7/0/4,MLB-T1A-1MEX-HRT01,GE_1/1/11,right_only
1277,MELBOURNE,MLB-T1A-RT01,GIGABITETHERNET3/0/1,MLB-T1A-1MEX-HRT01,GE_5/1/1,right_only
1278,MELBOURNE II,MLB2-T1A-JN1X-HRT01,P 3/1/4,SY2-T1A-0PPX-HRT01,P 1/1/14,right_only
1279,OSAKA,OSA-T1A-RT01,GIGABITETHERNET2/0/4,TK-T1A-T0VX-HCR01,GE_1/1/8,right_only
1280,OSAKA,OSA-T1A-RT02,GIGABITETHERNET2/0/1,OSA-T1A-RT01,GIGABITETHERNET2/0/4,right_only
1281,OSAKA,OSA-T1A-RT02,GIGABITETHERNET2/0/0,OSA-T1A-RT01,GIGABITETHERNET3/0/1,right_only
1282,OSAKA,OSA-T1A-RT02,GIGABITETHERNET2/0/3,TK2-T1A-RT01,GIGABITETHERNET1/0/4,right_only
1283,SINGAPORE,TCX-T1A-IH4X-HRT02,GE_2/1/31,SI2-T1A-SVQX-HCR02,GE_1/1/6,right_only
1284,SINGAPORE,TCX-T1A-IH4X-HRT01,GE_1/1/25,TCX-T1A-IH4X-HRT02,GE_1/1/25,right_only
1285,SINGAPORE,TCX-T1A-IH4X-HRT01,GE_2/1/25,TCX-T1A-IH4X-HRT02,GE_2/1/25,right_only
1286,SINGAPORE,SI-T1A-RT01,GIGABITETHERNET4/0/2,SI-T1A-HCR01,GE_3/1/1,right_only
1287,SINGAPORE,SI-T1A-RT01,GIGABITETHERNET3/0/2,SI-T1A-HCR01,GE_3/1/2,right_only
1288,SINGAPORE,SI-T1A-RT01,GIGABITETHERNET4/1/1,SI-T1A-SVWX-HCR02,GE_1/1/2,right_only
1289,SINGAPORE,SI-T1A-RT01,GIGABITETHERNET4/1/0,SI-T1A-SVWX-HCR02,GE_1/1/3,right_only
1290,SINGAPORE,SI-T1A-HCR01,STM1_5/2/1,JK2-T1A-IJNX-RT01,POS1/1/0,right_only
1291,SINGAPORE,SI-T1A-HCR01,TE_3/1/14,MLA-T1A-P98X-HRT01,TE_2/1/14,right_only
1292,SINGAPORE,SI-T1A-HCR01,GE_3/1/8,TCX-T1A-IH4X-HRT01,GE_1/1/29,right_only
1293,SINGAPORE,SI-T1A-HCR01,GE_2/1/1,SI-T1A-RT05-PE,GIGABITETHERNET3/0/1,right_only
1294,SINGAPORE,SI-T1A-HCR01,GE_2/1/2,SI-T1A-RT05-PE,GIGABITETHERNET2/0/2,right_only
1295,SINGAPORE,SI-T1A-HCR01,TE_4/1/4,SI-T1A-SVWX-HCR02,TE_5/2/13,right_only
1296,SINGAPORE,SI-T1A-HCR01,TE_3/1/13,TK-T1A-T0VX-HCR01,TE_5/1/13,right_only
1297,SINGAPORE,SI-T1A-HCR01,TE_2/2/2,CN-ME01-HCR01,TE_2/1/10,right_only
1298,SINGAPORE,SI-T1A-HCR01,GE_2/1/10,PER-T1A-H9UX-HRT01,GE_5/1/10,right_only
1299,SINGAPORE,SI-T1A-HCR01,TE_4/1/3,SY-T1A-M3HX-HRT01,TE_3/2/2,right_only
1300,SINGAPORE,SI-T1A-HCR01,TE_2/2/3,SI2-T1A-SVQX-HCR01,TE_2/2/3,right_only
1301,SINGAPORE,SI-T1A-HCR01,STM1_5/2/2,JK2-T1A-IJNX-RT01,POS1/1/1,right_only
1302,SINGAPORE,SI-T1A-HCR01,GE_2/1/8,SI-T1A-ASINX-ACN-RT02,GIGABITETHERNET0/0/0,right_only
1303,SINGAPORE,SI-T1A-RT05-PE,GIGABITETHERNET3/0/1,SI-T1A-HCR01,GE_2/1/1,right_only
1304,SINGAPORE,SI-T1A-RT05-PE,GIGABITETHERNET2/0/2,SI-T1A-HCR01,GE_2/1/2,right_only
1305,SINGAPORE,SI-T1A-RT05-PE,GIGABITETHERNET2/1/3,SI-T1A-SVWX-HCR02,GE_1/1/5,right_only
1306,SINGAPORE,SI-T1A-RT05-PE,GIGABITETHERNET2/0/0,SI-T1A-SVWX-HCR02,GE_5/2/5,right_only
1307,SINGAPORE,SI-T1A-SVWX-HCR02,TE_2/1/4,HK-T1A-CR02,TENGIGABITETHERNET9/1,right_only
1308,SINGAPORE,SI-T1A-SVWX-HCR02,GE_1/1/5,SI-T1A-RT05-PE,GIGABITETHERNET2/1/3,right_only
1309,SINGAPORE,SI-T1A-SVWX-HCR02,GE_5/2/5,SI-T1A-RT05-PE,GIGABITETHERNET2/0/0,right_only
1310,SINGAPORE,SI-T1A-SVWX-HCR02,TE_1/1/14,SI-T1A-SVWX-HPE02,P 1/1/14,right_only
1311,SINGAPORE,SI-T1A-SVWX-HPE01,TE_1/1/13,SI-T1A-HCR01,TE_2/1/14,right_only
1312,SINGAPORE,SI-T1A-SVWX-HPE01,GE_10/1/13,SI-T1A-SVWX-HPE02,GE_10/1/13,right_only
1313,SINGAPORE,SI-T1A-SVWX-HPE02,TE_1/1/14,SI-T1A-HCR01,TE_1/1/14,right_only
1314,SINGAPORE,SI-T1A-SVWX-RT07-ASBR,GIGABITETHERNET0/3,SI-T1A-HCR01,GE_2/1/3,right_only
1315,SINGAPORE,SI-T1A-SVWX-RT07-ASBR,GIGABITETHERNET0/1,SI-T1A-SVWX-HCR02,GE_1/1/11,right_only
1316,SINGAPORE II,SI2-T1A-RT01,GIGABITETHERNET3/0/1,SI2-T1A-SVQX-HCR02,GE_1/1/5,right_only
1317,SINGAPORE II,SI2-T1A-RT01,GIGABITETHERNET3/0/0,SI2-T1A-SVQX-HCR02,GE_1/1/4,right_only
1318,SINGAPORE II,SI2-T1A-RT01,GIGABITETHERNET8/0/1,SI2-T1A-SVQX-HCR01,GE_1/1/3,right_only
1319,SINGAPORE II,SI2-T1A-RT01,GIGABITETHERNET8/0/2,SI2-T1A-SVQX-HCR01,GE_1/1/2,right_only
1320,SINGAPORE II,SI2-T1A-SVQX-HCR01,TE_1/1/13,SI2-T1A-SVQX-HCR02,TE_1/1/13,right_only
1321,SINGAPORE II,SI2-T1A-SVQX-HCR01,GE_1/1/6,DHA-T1A-RT01,GIGABITETHERNET1/0/1,right_only
1322,SINGAPORE II,SI2-T1A-SVQX-HCR01,TE_5/2/2,EMI-T1A-HCR01,TENGIGABITETHERNET4/2,right_only
1323,SINGAPORE II,SI2-T1A-SVQX-HCR01,TE_5/2/3,HK2-T1A-KTHX-HRT01,TE_5/1/13,right_only
1324,SINGAPORE II,SI2-T1A-SVQX-HCR01,STM1_1/2/1,JK-T1A-RT01,POS1/1/0,right_only
1325,SINGAPORE II,SI2-T1A-SVQX-HCR01,STM1_1/2/2,JK-T1A-RT01,POS1/1/1,right_only
1326,SINGAPORE II,SI2-T1A-SVQX-HCR01,TE_2/2/3,SI-T1A-HCR01,TE_2/2/3,right_only
1327,SINGAPORE II,SI2-T1A-SVQX-HCR01,GE_1/1/3,SI2-T1A-RT01,GIGABITETHERNET8/0/1,right_only
1328,SINGAPORE II,SI2-T1A-SVQX-HCR01,GE_1/1/2,SI2-T1A-RT01,GIGABITETHERNET8/0/2,right_only
1329,SINGAPORE II,SI2-T1A-SVQX-HCR01,TE_5/2/1,SI2-T1A-SVQX-HCR02,TE_5/2/1,right_only
1330,SINGAPORE II,SI2-T1A-SVQX-HCR01,GE_1/1/1,BNK-T1A-RT01,GIGABITETHERNET0/0/1,right_only
1331,SINGAPORE II,SI2-T1A-SVQX-HCR01,GE_1/1/4,SI2-T1A-RT02,GIGABITETHERNET7/3,right_only
1332,SINGAPORE II,SI2-T1A-SVQX-HCR01,TE_1/1/14,MU-ME01-HCR01,TE_2/1/10,right_only
1333,SINGAPORE II,SI2-T1A-SVQX-HCR01,GE_1/1/5,SI2-T1A-RT02,GIGABITETHERNET7/2,right_only
1334,SINGAPORE II,SI2-T1A-SVQX-HCR01,TE_2/2/4,SI2-T1A-SVQX-HPE01,TE_1/1/13,right_only
1335,SINGAPORE II,SI2-T1A-SVQX-HCR01,TE_5/2/4,SI2-T1A-SVQX-HPE02,TE_1/1/13,right_only
1336,SINGAPORE II,SI2-T1A-SVQX-HCR01,GE_1/1/10,SI-T1A-ASINX-ACN-RT01,GIGABITETHERNET0/0/0,right_only
1337,SINGAPORE II,SI2-T1A-RT02,GIGABITETHERNET7/3,SI2-T1A-SVQX-HCR01,GE_1/1/4,right_only
1338,SINGAPORE II,SI2-T1A-RT02,GIGABITETHERNET7/2,SI2-T1A-SVQX-HCR01,GE_1/1/5,right_only
1339,SINGAPORE II,SI2-T1A-RT02,GIGABITETHERNET4/1/4,SI2-T1A-SVQX-HCR02,GE_1/1/2,right_only
1340,SINGAPORE II,SI2-T1A-RT02,GIGABITETHERNET4/1/2,SI2-T1A-SVQX-HCR02,GE_1/1/3,right_only
1341,SINGAPORE II,SI2-T1A-SVQX-HCR02,GE_1/1/1,KL-T1A-KVDX-HRT01,GE_1/1/6,right_only
1342,SINGAPORE II,SI2-T1A-SVQX-HCR02,GE_1/1/5,SI2-T1A-RT01,GIGABITETHERNET3/0/1,right_only
1343,SINGAPORE II,SI2-T1A-SVQX-HCR02,GE_1/1/6,TCX-T1A-IH4X-HRT02,GE_2/1/31,right_only
1344,SINGAPORE II,SI2-T1A-SVQX-HCR02,TE_1/1/14,SI-T1A-SVWX-HCR02,TE_1/1/13,right_only
1345,SINGAPORE II,SI2-T1A-SVQX-HCR02,TE_1/1/13,SI2-T1A-SVQX-HCR02,TE_1/1/13,right_only
1346,SINGAPORE II,SI2-T1A-SVQX-HCR02,TE_5/2/1,SI2-T1A-SVQX-HCR01,TE_5/2/1,right_only
1347,SINGAPORE II,SI2-T1A-SVQX-HCR02,GE_1/1/4,SI2-T1A-RT01,GIGABITETHERNET3/0/0,right_only
1348,SINGAPORE II,SI2-T1A-SVQX-HCR02,GE_1/1/2,SI2-T1A-RT02,GIGABITETHERNET4/1/4,right_only
1349,SINGAPORE II,SI2-T1A-SVQX-HCR02,GE_1/1/3,SI2-T1A-RT02,GIGABITETHERNET4/1/2,right_only
1350,SINGAPORE II,SI2-T1A-SVQX-HCR02,TE_5/2/2,PAR-T1A-P96X-HCR02,TE_5/1/4,right_only
1351,SINGAPORE II,SI2-T1A-SVQX-HCR02,GE_5/2/4,SI2-T1A-SVQX-HPE02,GE_3/1/13,right_only
1352,SINGAPORE II,SI2-T1A-SVQX-HCR02,GE_2/2/4,SI2-T1A-SVQX-HPE01,GE_3/1/13,right_only
1353,SINGAPORE II,SI2-T1A-SVQX-HCR02,TE_2/2/3,MU-ME01-HCR01,TE_3/1/3,right_only
1354,SINGAPORE II,SI2-T1A-SVQX-HPE01,TE_1/1/13,SI2-T1A-SVQX-HCR01,TE_2/2/4,right_only
1355,SINGAPORE II,SI2-T1A-SVQX-HPE01,GE_3/1/13,SI2-T1A-SVQX-HCR02,GE_2/2/4,right_only
1356,SYDNEY,SY-T1A-RT01,POS7/1/0,SY-T1A-RT03,POS7/0/0,right_only
1357,SYDNEY,SY-T1A-RT01,GIGABITETHERNET4/1/3,SY-T1A-M3HX-HRT01,GE_1/1/8,right_only
1358,SYDNEY,SY-T1A-RT01,GIGABITETHERNET4/1/2,SY-T1A-M3HX-HRT01,GE_5/1/9,right_only
1359,SYDNEY,SY-T1A-RT01,GIGABITETHERNET4/0/1,SY-T1A-RT03,GI3/0/1,right_only
1360,SYDNEY,SY-T1A-RT01,GIGABITETHERNET4/0/0,SY-T1A-RT03,GI3/0/0,right_only
1361,SYDNEY,SY-T1A-RT03,GI3/0/1,SY-T1A-RT01,GIGABITETHERNET4/0/1,right_only
1362,SYDNEY,SY-T1A-RT03,GI3/0/0,SY-T1A-RT01,GIGABITETHERNET4/0/0,right_only
1363,SYDNEY,SY-T1A-RT03,POS7/0/0,SY-T1A-RT01,POS7/1/0,right_only
1364,SYDNEY,SY-T1A-RT03,GIGABITETHERNET4/1/4,SY-T1A-M3HX-HRT01,GE_1/1/9,right_only
1365,SYDNEY,SY-T1A-RT03,GIGABITETHERNET4/0/3,SY-T1A-1MHX-HRT02,GE_5/1/1,right_only
1366,SYDNEY,SY-T1A-M3HX-HRT01,GE_5/1/5,LA-T1A-CR02,GIGABITETHERNET3/10,right_only
1367,SYDNEY,SY-T1A-1MHX-HRT02,P 1/1/3,SY2-T1A-0PPX-HRT01,P 1/1/11,right_only
1368,SYDNEY,SY-T1A-1MHX-HRT02,P 1/1/13,SY-T1A-M3HX-HRT01,P 1/1/13,right_only
1369,SYDNEY,SY-T1A-1MHX-HRT02,P 1/2/1,TK-T1A-T0VX-HCR01,P 1/2/4,right_only
1370,SYDNEY,SY-T1A-1MHX-HRT02,P 3/1/13,SY-T1A-M3HX-HRT01,P 5/1/13,right_only
1371,SYDNEY,SY-T1A-1MHX-HRT02,P 5/1/3,AUK-T1A-RT01,GI0/0/2,right_only
1372,SYDNEY,SY-T1A-1MHX-HRT02,P 3/2/1,SY2-T1A-0PPX-HRT01,P 5/1/14,right_only
1373,SYDNEY,SY-T1A-1MHX-HRT02,P 5/1/1,SY-T1A-RT03,GI4/0/3,right_only
1374,SYDNEY II,SY2-T1A-0PPX-HRT01,P 1/1/11,SY-T1A-1MHX-HRT02,P 1/1/3,right_only
1375,SYDNEY II,SY2-T1A-0PPX-HRT01,P 1/1/14,MLB2-T1A-JN1X-HRT01,P 3/1/4,right_only
1376,SYDNEY II,SY2-T1A-0PPX-HRT01,P 5/1/14,SY-T1A-1MHX-HRT02,P 3/2/1,right_only
1377,TOKYO,TK-T1A-CR02,POS4/1/0,SEO-T1A-RT02,PO2/1/0,right_only
1378,TOKYO,TK-T1A-CR02,GIGABITETHERNET3/0/4,TK-T1A-T0VX-HPE02,GE_5/1/2,right_only
1379,TOKYO,TK-T1A-CR02,GIGABITETHERNET1/0/2,TK-T1A-T0VX-HPE02,GE_1/1/2,right_only
1380,TOKYO,TK-T1A-CR02,GIGABITETHERNET1/0/4,TK-T1A-T0VX-HRV01,GE_ 5/1/1,right_only
1381,TOKYO,TK-T1A-CR02,TENGIGABITETHERNET7/2,TK-T1A-T0VX-HCR01,TE_5/1/14,right_only
1382,TOKYO,TK-T1A-CR02,TENGIGABITETHERNET2/2,TK-T1A-T0VX-HCR01,TE_1/1/14,right_only
1383,TOKYO,TK-T1A-CR02,TENGIGABITETHERNET2/1,TK-T1A-T0V-HPE01,TE_ 5/1/14,right_only
1384,TOKYO,TK-T1A-CR02,GIGABITETHERNET3/0/0,TK-T1A-RT05,GI 3/0/2,right_only
1385,TOKYO,TK-T1A-CR02,GIGABITETHERNET1/0/3,TK2-T1A-RT01,GI1/0/1,right_only
1386,TOKYO,TK-T1A-CR02,TENGIGABITETHERNET7/1,EMI-T1A-CR01,TE7/1,right_only
1387,TOKYO,TK-T1A-CR02,GIGABITETHERNET3/0/2,TK-T1A-RT05,GI3/0/4,right_only
1388,TOKYO,TK-T1A-T0VX-HCR01,TE_2/2/3,TK-T1A-T0VX-HPE01,TE_1/1/14,right_only
1389,TOKYO,TK-T1A-T0VX-HCR01,GE_1/1/12,TK-T1A-RT05,GIGABITETHERNET3/0/1,right_only
1390,TOKYO,TK-T1A-T0VX-HCR01,TE_2/2/4,SEO2-T1A-OO7X-HRT01,TE_5/1/13,right_only
1391,TOKYO,TK-T1A-T0VX-HCR01,TE_5/1/14,TK-T1A-CR02,TENGIGABITETHERNET7/2,right_only
1392,TOKYO,TK-T1A-T0VX-HCR01,STM4_5/2/10,TAI-T1A-TJ5X-HRT02,STM4_1/2/1,right_only
1393,TOKYO,TK-T1A-T0VX-HCR01,GE_5/1/12,TK-T1A-RT05,GIGABITETHERNET4/1/3,right_only
1394,TOKYO,TK-T1A-T0VX-HCR01,TE_1/1/14,TK-T1A-CR02,TENGIGABITETHERNET2/2,right_only
1395,TOKYO,TK-T1A-T0VX-HCR01,TE_5/1/13,SI-T1A-HCR01,TE_3/1/13,right_only
1396,TOKYO,TK-T1A-T0VX-HCR01,STM16_1/2/4,SY-T1A-1MHX-HRT02,STM16_1/2/1,right_only
1397,TOKYO,TK-T1A-T0VX-HCR01,TE_1/1/13,SC-T1A-SV1X-HCR01,TE_5/1/2,right_only
1398,TOKYO,TK-T1A-T0VX-HCR01,GE_5/1/3,TK-T1A-T0VX-HCR02,GE_1/1/2,right_only
1399,TOKYO,TK-T1A-T0VX-HCR01,GE_1/1/4,TK-T1A-T0VX-HRV01,GE_1/1/1,right_only
1400,TOKYO,TK-T1A-T0VX-HCR01,GE_5/1/10.1401,NAR-T1A-ANRT1X-ACN-RT01,GI0/0/0,right_only
1401,TOKYO,TK-T1A-T0VX-HCR01,TE_2/1/2,HK-T1A-H99X-HCR01,TE_3/1/2,right_only
1402,TOKYO,TK-T1A-T0VX-HCR01,TE_2/1/1,TK-T1A-T0VX-HPE02,GE_1/1/13,right_only
1403,TOKYO,TK-T1A-T0VX-HCR01,GE_1/1/3,TK-T1A-T0VX-HCR02,GE_1/1/1,right_only
1404,TOKYO,TK-T1A-T0VX-HPE01,TE_ 5/1/14,TK-T1A-CR02,TENGIGABITETHERNET2/1,right_only
1405,TOKYO,TK-T1A-T0VX-HPE02,GE_1/1/2,TK-T1A-CR02,GI1/0/2,right_only
1406,TOKYO,TK-T1A-T0VX-HPE02,TE_5/1/13,TK-T1A-T0VX-HCR02,TE_1/1/14,right_only
1407,TOKYO,TK-T1A-T0VX-HPE02,GE_5/1/2,TK-T1A-CR02,GI3/0/4,right_only
1408,TOKYO II,TK2-T1A-RT01,GIGABITETHERNET1/0/4,OSA-T1A-RT02,GIGABITETHERNET2/0/3,right_only
1409,TOKYO II,TK2-T1A-RT01,GIGABITETHERNET1/0/1,TK-T1A-CR01,GI5/3,right_only
1410,TOKYO II,TK2-T1A-RT01,GIGABITETHERNET0/1/0,OSA-T1A-RT02,GIGABITETHERNET3/1/2,right_only
1411,TOKYO II,TK2-T1A-RT01,POS1/1/1,EMI-T1A-CR01,POS1/1/0,right_only
1412,ISREAL,ISL-T1A-XXGX-HRT01,GE_1/1/15,LN2-T1A-LDNX-HRT01,GE_1/1/9,right_only
1413,ISREAL,ISL-T1A-XXGX-HRT01,GE_2/1/15,FFT3-T1A-FR1X-HRT01,TE_1/1/5,right_only
1414,ISREAL,ISL-T1A-XXGX-HRT01,GE_2/1/19,ISL-T1A-ATLVA-ACN-RT01,GIGABITETHERNET0/0/0,right_only
1415,VIETNAM,VI-T1A-RT01,GIGABITETHERNET1/0/1,VI-T1A-ASGNA-ACN-RT01,GIGABITETHERNET1/0/1,right_only
1416,VIETNAM,VI-T1A-RT01,GIGABITETHERNET1/0/3,VI2-T1A-YQLX-HRT01,GE_1/1/15,right_only
1417,VIETNAM,VI-T1A-RT01,GIGABITETHERNET0/0/2,SI-T1A-HCR01,GIGABITETHERNET0/0/2,right_only
1418,VIETNAM,VI-T1A-RT02,NAN,NAN,NAN,right_only
1419,VIETNAM,VI2-T1A-YQLX-HRT01,GE_1/1/15,VI-T1A-RT01,GIGABITETHERNET1/0/3,right_only
1420,VIETNAM,VI2-T1A-YQLX-HRT01,GE_2/1/15,HK-T1A-H99X-HCR01,GE_5/1/3,right_only
1421,TAIPEI,TAI-T1A-RT01,GIGABITETHERNET7/1/0,TAI-T1A-TJ5X-HRT02,P_3/1/1,right_only
1422,TAIPEI,TAI-T1A-RT01,GIGABITETHERNET3/0/4,TK-T1A-T0VX-HCR01,P_5/1/5,right_only
1423,TAIPEI,TAI-T1A-RT01,POS2/0/0,HK-T1A-H99X-HCR01,P 5/2/10,right_only
1424,TAIPEI,TAI-T1A-RT01,GIGABITETHERNET3/0/0,TAI-T1A-TJ5X-HRT02,P_1/1/11,right_only
1425,TAIPEI,TAI-T1A-TJ5X-HRT02,P_3/1/1,TAI-T1A-RT01,GIGABITETHERNET7/1/0,right_only
1426,TAIPEI,TAI-T1A-TJ5X-HRT02,P_1/1/11,TAI-T1A-RT01,GIGABITETHERNET3/0/0,right_only
1427,BANGKOK,BNK-T1A-RT01,GIGABITETHERNET0/0/1,SI2-T1A-SVQX-HCR01,GE_1/1/1,right_only
1428,BANGKOK,BNK-T1A-RT01,GIGABITETHERNET0/0/4,BNK-T1A-WGZX-ACN-RT01,GI0/2/1,right_only
1429,BANGKOK,BNK-T1A-RT01,GIGABITETHERNET0/0/2,BNK2-T1A-C9VX-HRT01,P-1/7/1,right_only
1430,BANGKOK LL,BNK2-T1A-C9VX-HRT01,GE_1/7/1,BNK-T1A-RT01,GI0/0/2,right_only
1431,BANGKOK LL,BNK2-T1A-C9VX-HRT01,GE_1/3/1,HK-T1A-H99X-HCR01,P-1/1/8,right_only
1432,BANGKOK LL,BNK2-T1A-C9VX-HRT01,GE_1/8/1,BNK-T1A-AAAFQX-ACN-RT01,GI0/2/1,right_only
1433,COLOMBO,EK-COL-T3-RT02,GIGABITETHERNET0/2,EK-COL-T3-RT03,GI0/0/1,right_only
1434,COLOMBO,EK-COL-T3-RT03,GIGABITETHERNET0/0/0,EK-COL2-T3-RT02,GI0/0/4,right_only
1435,COLOMBO,EK-COL-T3-RT03,GIGABITETHERNET2/0/0,MU-ME01-HABR02,3/1/10,right_only
1436,COLOMBO,EK-COL-T3-RT03,GIGABITETHERNET0/0/1,EK-COL-T3-RT02,GIGABITETHERNET0/2,right_only
1437,COLOMBO,EK-COL-T3-RT03,POS1/1/1,MU-ME01-HABR02,10/1/9,right_only
1438,COLOMBO,EK-COL-T3-RT03,GIGABITETHERNET0/0/4,EK-COL-T3-RT04,G0/0/0,right_only
1439,COLOMBO,EK-COL-T3-RT03,POS2/1/1,MU-ME01-HABR02,10/1/10,right_only
1440,COLOMBO,EK-COL-T3-RT04,POS2/0/0,MU-ME01-HABR02,10/1/6,right_only
1441,COLOMBO,EK-COL-T3-RT04,POS2/0/3,CN-ME01-HABR01,P 10/1/9,right_only
1442,COLOMBO,EK-COL-T3-RT04,POS2/0/2,CN-ME01-HABR01,P 10/1/3,right_only
1443,COLOMBO,EK-COL-T3-RT04,GIGABITETHERNET1/0/4,MU-ME01-HABR01,P 3/1/2,right_only
1444,COLOMBO,EK-COL-T3-RT04,GIGABITETHERNET1/0/3,SI-T1A-SVWX-HPE02,2/2/3,right_only
1445,COLOMBO,EK-COL-T3-RT04,GIGABITETHERNET0/0/0,EK-COL-T3-RT03,GIGABITETHERNET0/0/4,right_only
1446,COLOMBO,EK-COL-T3-RT04,GIGABITETHERNET1/0/1,EK-COL2-T3-RT03,G1/0/4,right_only
1447,KARACHI,KAR-T1A-RT01,POS0/3/1,FUJ-T1A-HRT01,P_4/1/15,right_only
1448,KARACHI,KAR-T1A-RT01,POS1/3/0,MU-ME01-HCR02,10/2/5,right_only
1449,MANILA,MLA-T1A-P98X-HRT01,GE_1/1/12,MLA-T1A-AMNLA-ACN-RT02,GI0/0/0,right_only
1450,MANILA,MLA-T1A-P98X-HRT01,TE_1/1/13,MLA-T1A-P98X-HRT02,1/1/13,right_only
1451,MANILA,MLA-T1A-P98X-HRT01,TE_2/1/13,MLA-T1A-P98X-HRT02,2/1/13,right_only
1452,MANILA,MLA-T1A-P98X-HRT01,TE_2/1/14,SI-T1A-HCR01,3/1/14,right_only
1453,MANILA,MLA-T1A-P98X-HRT01,GE_2/1/7,MLA-T1A-P98X-RT03,GI0/0/0,right_only
1454,MANILA,MLA-T1A-P98X-HRT01,GE_2/1/9,MLA-T1A-P98X-RT03,GI0/0/1,right_only
1455,MANILA,MLA-T1A-P98X-HRT02,TE_1/1/14,MLA2-T1A-GX0X-HRT01,1/1/13,right_only
1456,MANILA,MLA-T1A-P98X-HRT02,TE_1/1/13,MLA-T1A-P98X-HRT01,1/1/13,right_only
1457,MANILA,MLA-T1A-P98X-HRT02,TE_2/1/13,MLA-T1A-P98X-HRT01,2/1/13,right_only
1458,MANILA,MLA-T1A-P98X-HRT02,GE_1/1/7,MLA-T1A-P98X-RT03,GI1/0/0,right_only
1459,MANILA,MLA-T1A-P98X-HRT02,GE_1/1/9,MLA-T1A-P98X-RT03,GI1/0/2,right_only
1460,MANILA,MLA-T1A-P98X-RT03,GI0/0/0,MLA-T1A-P98X-HRT01,GE_2/1/7,right_only
1461,MANILA,MLA-T1A-P98X-RT03,GI0/0/1,MLA-T1A-P98X-HRT01,GE_2/1/9,right_only
1462,MANILA,MLA-T1A-P98X-RT03,GIGABITETHERNET1/0/2,MLA-T1A-P98X-HRT02,GI1/1/9,right_only
1463,MANILA,MLA-T1A-P98X-RT03,GIGABITETHERNET1/0/0,MLA-T1A-P98X-HRT02,1/1/7,right_only
1464,MANILA II,MLA2-T1A-GX0X-HRT01,TE_5/1/13,HK-T1A-H99X-HCR01,3/1/4,right_only
1465,MANILA II,MLA2-T1A-GX0X-HRT01,GE_1/1/7,MLA-T1A-AMNLA-ACN-RT01,GI0/0/0,right_only
1466,MANILA II,MLA2-T1A-GX0X-HRT01,TE_1/1/13,MLA-T1A-P98X-HRT02,1/1/14,right_only
1467,PORT LUIS,MAU-T1A-RT02,POS1/1/1,MU-ME01-HCR02,2/2/12,right_only
1468,PORT LUIS,MAU-T1A-RT02,GIGABITETHERNET0/0/0,MAU-T1A-RT01,GI0/0/0,right_only
1469,PORT LUIS,MAU-T1A-RT02,GIGABITETHERNET1/0/0,MAU-T1A-RT01,GI1/0/0,right_only
1470,PORT LUIS,MAU-T1A-RT01,GI0/0/0,MAU-T1A-RT02,GIGABITETHERNET0/0/0,right_only
1471,PORT LUIS,MAU-T1A-RT01,GI1/0/0,MAU-T1A-RT02,GIGABITETHERNET1/0/0,right_only
1472,PORT LUIS,MAU-T1A-RT01,POS1/1/0,JO-T1A-RT01,POS3/2/0,right_only
1473,PERTH,PER-T1A-H9UX-HRT01,GE_1/1/9,SY-T1A-M3HX-HRT01,GE_5/1/12,right_only
1474,SEOUL,SEO-T1A-RT01,GIGABITETHERNET3/0/3,SEO3-T1A-OO8X-HRT01,1/1/7,right_only
1475,SEOUL,SEO-T1A-RT01,GIGABITETHERNET3/0/1,SEO-T1A-RT02,GIGABITETHERNET3/0/1,right_only
1476,SEOUL,SEO-T1A-RT01,GIGABITETHERNET3/0/0,SEO-T1A-RT02,GIGABITETHERNET3/0/0,right_only
1477,SEOUL,SEO-T1A-RT02,GIGABITETHERNET3/0/1,SEO-T1A-RT01,GIGABITETHERNET3/0/1,right_only
1478,SEOUL,SEO-T1A-RT02,GIGABITETHERNET3/0/0,SEO-T1A-RT01,GIGABITETHERNET3/0/0,right_only
1479,SEOUL,SEO-T1A-RT02,POS2/1/0,TK-T1A-CR02,POS4/1/0,right_only
1480,SEOUL,SEO2-T1A-OO7X-HRT01,GE_5/1/10,SEO-T1A-AICNA-ACN-RT01,GI0/0/0,right_only
1481,SEOUL,SEO2-T1A-OO7X-HRT01,TE_5/1/14,SEO3-T1A-OO8X-HRT01,1/1/13,right_only
1482,SEOUL,SEO2-T1A-OO7X-HRT01,TE_5/1/13,TK-T1A-T0VX-HCR01,2/2/4,right_only
1483,SEOUL,SEO2-T1A-OO7X-HRT01,TE_1/1/14,HK-T1A-H99X-HCR01,4/1/3,right_only
1484,SEOUL,SEO3-T1A-OO8X-HRT01,1/1/13,SEO2-T1A-OO7X-HRT01,TE_5/1/14,right_only
1485,SEOUL,SEO3-T1A-OO8X-HRT01,GE_5/1/10,SEO-T1A-AICNA-ACN-RT02,GI0/0/0,right_only
1486,SEOUL,SEO3-T1A-OO8X-HRT01,GE_1/1/7,SEO-T1A-RT01,GI3/0/3,right_only
1487,SEOUL,SEO3-T1A-OO8X-HRT01,TE_1/1/14,HK-T1A-H99X-HCR01,TE_3/1/3,right_only
1488,AUCKLAND,AUK-T1A-RT01,GI0/0/2,SY-T1A-1MHX-HRT02,GE_5/1/3,right_only
