,Location,hostname,interface,hostname.1,interface.1
0,HOUSTON,HOS-T1A-RT01,GI0/0/2,DA-T1A-RT03,GI8/1/2
1,HOUSTON,HOS-T1A-RT01,GI0/0/3,NY-T1A-CR03,GI 3/13
2,LOS ANGELES,LA-T1A-27GX-HPE01,P 1/1/1,LA-T1A-CR01,GI 3/3
3,LOS ANGELES,LA-T1A-27GX-HPE01,P 1/1/2,LA-T1A-CR01,GI 3/4
4,LOS ANGELES,LA-T1A-27GX-HPE01,P  5/1/1,LA-T1A-CR02,GI 3/11
5,LOS ANGELES,LA-T1A-27GX-HPE01,P 5/1/2,LA-T1A-CR02,GI 3/12
6,LOS ANGELES,LA-T1A-27GX-HPE01,P 1/1/13,LA-T1A-CR01,TE2/2
7,LOS ANGELES,LA-T1A-27GX-HPE01,P 1/1/14,DA-T1A-D0VX-HPE01,P 4/1/1
8,LOS ANGELES,LA-T1A-27GX-HPE01,P 2/2/1,EMI-T1A-CR01,TE9/2
9,LOS ANGELES,LA-T1A-27GX-HPE01,P 5/1/13,LA-T1A-CR02,TE2/2
10,LOS ANGELES,LA-T1A-RT02,GI7/0/1,LA-T1A-CR02,GI3/2
11,LOS ANGELES,LA-T1A-RT02,GI3/0/0,LA-T1A-CR01,GI3/2
12,LOS ANGELES,LA-T1A-RT02,GI7/0/3,LA-T1A-CR02,GI3/9
13,LOS ANGELES,LA-T1A-RT02,GI3/0/1,LA-T1A-CR01,GI3/10
14,LOS ANGELES,LA-T1A-CR01,GI3/16,LA-T1A-CR02,GI3/16
15,LOS ANGELES,LA-T1A-CR01,GI3/15,LA-T1A-CR02,GI3/15
16,LOS ANGELES,LA-T1A-CR01,GI3/4,LA-T1A-27GX-HPE01,P 1/1/2
17,LOS ANGELES,LA-T1A-CR01,GI3/3,LA-T1A-27GX-HPE01,P 1/1/1
18,LOS ANGELES,LA-T1A-CR01,TE4/2,LA-T1A-CR02,TE4/2
19,LOS ANGELES,LA-T1A-CR01,TE 2/2,LA-T1A-27GX-HPE01,P 1/1/13
20,LOS ANGELES,LA-T1A-CR01,TE2/1,SC-T1A-CR03,TE2/1
21,LOS ANGELES,LA-T1A-CR01,GI3/10,LA-T1A-RT02,GI7/0/2
22,LOS ANGELES,LA-T1A-CR02,GI3/16,LA-T1A-CR01,GI3/16
23,LOS ANGELES,LA-T1A-CR02,GI3/15,LA-T1A-CR01,GI3/15
24,LOS ANGELES,LA-T1A-CR02,TE2/2,LA-T1A-27GX-HPE01,P 5/1/13
25,LOS ANGELES,LA-T1A-CR02,GI3/12,LA-T1A-27GX-HPE01,P 5/1/2
26,LOS ANGELES,LA-T1A-CR02,GI3/11,LA-T1A-27GX-HPE01,P 5/1/1
27,LOS ANGELES,LA-T1A-CR02,GI3/10,SY-T1A-M3HX-HRT01,P 5/1/5
28,LOS ANGELES,LA-T1A-CR02,GI3/9,LA-T1A-RT02,GI7/0/3
29,LOS ANGELES,LA-T1A-CR02,TE2/1,NJ-T1A-NJYX-CR02,TE2/1
30,LOS ANGELES,LA-T1A-CR02,GI3/2,LA-T1A-RT02,GI7/0/1
31,LOS ANGELES,LA-T1A-CR02,TE4/2,LA-T1A-CR01,TE4/2
32,MIAMI,MIA-T1A-RT01,TE4/2,MIA-T1A-MLNX-HPE02,P 5/1/13
33,MIAMI,MIA-T1A-RT01,GI2/1/4,MIA-T1A-MLNX-HPE02,P 1/1/2
34,MIAMI,MIA-T1A-RT01,GI  2/1/3,MIA-T1A-MLNX-HPE02,P 1/1/1
35,MIAMI,MIA-T1A-RT01,PO2/2/0,DA-T1A-RT03,PO8/0/0
36,MIAMI,MIA-T1A-MLNX-HPE02,GE_1/1/1,MIA-T1A-RT01,GI2/1/3
37,MIAMI,MIA-T1A-MLNX-HPE02,GE_1/1/2,MIA-T1A-RT01,GI2/1/4
38,MIAMI,MIA-T1A-MLNX-HPE02,STM16_2/2/1,NY-T1A-CR03,POS8/0/0
39,MIAMI,MIA-T1A-MLNX-HPE02,TE_1/1/14,ATL-T1A-A56X-HRT01,P 1/1/14
40,MIAMI,MIA-T1A-MLNX-HPE02,TE_5/1/13,MIA-T1A-RT01,TE4/2
41,NEW YORK,NY-T1A-RT01,GI 4/1/4,NY-T1A-N99X-HCR01,P 1/1/2
42,NEW YORK,NY-T1A-RT01,GI 4/1/0,NY-T1A-N99X-HCR01,P 1/1/1
43,NEW YORK,NY-T1A-RT01,GI3/1/3,NY-T1A-CR03,GI3/2
44,NEW YORK,NY-T1A-RT01,GI3/1/2,NY-T1A-CR03,GI3/1
45,NEW YORK,NY-T1A-RT02,GI1/10,NY-T1A-N99X-HCR01,P 5/1/3
46,NEW YORK,NY-T1A-RT02,GI6/1,NY-T1A-CR03,GI3/17
47,NEW YORK,NY-T1A-RT04,GI0/2,NY-T1A-CR03,GIG3/8
48,NEW YORK,NY-T1A-RT04,GI0/1,NY-T1A-N99X-HCR01,P 1/1/12
49,NEW YORK,NY-T1A-RT05,GI8/1/1,NY-T1A-N99X-HCR01,P 5/1/2
50,NEW YORK,NY-T1A-RT05,GI3/1/2,NY-T1A-N99X-HCR01,P 5/1/1
51,NEW YORK,NY-T1A-RT05,GI8/2/3,NY-T1A-CR03,GI3/6
52,NEW YORK,NY-T1A-RT05,GI8/2/2,NY-T1A-CR03,GI3/5
53,NEW YORK,NY-T1A-CR02,GI 3/4,NY-T1A-RT05,GI3/1/1
54,NEW YORK,NY-T1A-CR02,GI 3/3,NY-T1A-RT05,GI3/1/0
55,NEW YORK,NY-T1A-CR02,GI 3/7,NY-T1A-RT01,GI4/0/1
56,NEW YORK,NY-T1A-CR02,GI3/1,NY-T1A-RT01,GI3/1/0
57,NEW YORK,NY-T1A-CR02,GI3/17,NY-T1A-RT02,GI1/11
58,NEW YORK,NY-T1A-CR03,TE7/2,NJ-T1A-NJYX-HCR01,P 5/2/3
59,NEW YORK,NY-T1A-CR03,GI3/13,HOS-T1A-RT01,GI0/0/3
60,NEW YORK,NY-T1A-CR03,PO8/0/0,MIA-T1A-MLNX-HPE02,P 2/2/1
61,NEW YORK,NY-T1A-CR03,TE2/2,NY-T1A-N99X-HCR01,P 1/1/14
62,NEW YORK,NY-T1A-CR03,TE9/2,CH-T1A-RT03,TE4/2
63,NEW YORK,NY-T1A-CR03,GI3/8,NY-T1A-RT04,GI0/2
64,NEW YORK,NY-T1A-CR03,GI3/2,NY-T1A-RT01,GI3/1/3
65,NEW YORK,NY-T1A-CR03,GI3/1,NY-T1A-RT01,GI3/1/2
66,NEW YORK,NY-T1A-CR03,GI3/6,NY-T1A-RT05,GI8/2/3
67,NEW YORK,NY-T1A-CR03,GI3/5,NY-T1A-RT05,GI8/2/2
68,NEW YORK,NY-T1A-CR03,TE2/1,NJ-T1A-NJYX-HCR01,P 5/1/3
69,NEW YORK,NY-T1A-CR03,GI3/12,NY-T1A-N99X-HPE01,P 10/1/12
70,NEW YORK,NY-T1A-CR03,GI3/18,NY-T1A-N99X-HPE02,P 10/1/12
71,NEW YORK,NY-T1A-CR03,GI3/16,NY-T1A-N99X-HPE02,P 10/1/11
72,NEW YORK,NY-T1A-CR03,GI3/15,NY-T1A-N99X-HPE02,P 1/1/12
73,NEW YORK,NY-T1A-CR03,GI3/14,NY-T1A-N99X-HPE02,P 1/1/11
74,NEW YORK,NY-T1A-CR03,GI3/11,NY-T1A-N99X-HPE01,P 10/1/11
75,NEW YORK,NY-T1A-CR03,GI3/10,NY-T1A-N99X-HPE01,P 1/1/12
76,NEW YORK,NY-T1A-CR03,GI3/9,NY-T1A-N99X-HPE01,P 1/1/11
77,NEW YORK,NY-T1A-CR03,GI3/17,NY-T1A-RT02,GI6/1
78,NEW YORK,NY-T1A-N99X-HPE01,GE_1/1/11,NY-T1A-CR03,GI3/9
79,NEW YORK,NY-T1A-N99X-HPE01,GE_1/1/12,NY-T1A-CR03,GI3/10
80,NEW YORK,NY-T1A-N99X-HPE01,GE_10/1/11,NY-T1A-CR03,GI3/11
81,NEW YORK,NY-T1A-N99X-HPE01,GE_10/1/12,NY-T1A-CR03,GI3/12
82,NEW YORK,NY-T1A-N99X-HPE01,TE_10/1/13,NY-T1A-N99X-HPE02,P 10/1/13
83,NEW YORK,NY-T1A-N99X-HPE01,TE_1/1/13,NY-T1A-N99X-HCR01,P 2/2/1
84,NEW YORK,NY-T1A-N99X-HPE02,GE_1/1/11,NY-T1A-CR03,GI3/14
85,NEW YORK,NY-T1A-N99X-HPE02,GE_1/1/12,NY-T1A-CR03,GI3/15
86,NEW YORK,NY-T1A-N99X-HPE02,GE_10/1/11,NY-T1A-CR03,GI3/16
87,NEW YORK,NY-T1A-N99X-HPE02,GE_10/1/12,NY-T1A-CR03,GI3/18
88,NEW YORK,NY-T1A-N99X-HPE02,TE_10/1/13,NY-T1A-N99X-HPE01,P 10/1/13
89,NEW YORK,NY-T1A-N99X-HPE02,TE_1/1/13,NY-T1A-N99X-HCR01,P 5/114
90,NEW YORK,NY-T1A-N99X-HCR01,GE_1/1/1,NY-T1A-RT01,GI4/1/0
91,NEW YORK,NY-T1A-N99X-HCR01,GE_1/1/12,NY-T1A-RT04,GI0/1
92,NEW YORK,NY-T1A-N99X-HCR01,GE_1/1/2,NY-T1A-RT01,GI4/1/4
93,NEW YORK,NY-T1A-N99X-HCR01,GE_1/1/4,BRZ-T1A-XXHX-HRT01,P 1/1/3
94,NEW YORK,NY-T1A-N99X-HCR01,GE_1/1/6,BOS-T1A-RT01,GI0/0/2
95,NEW YORK,NY-T1A-N99X-HCR01,GE_5/1/1,NY-T1A-RT05,GI3/1/2
96,NEW YORK,NY-T1A-N99X-HCR01,GE_5/1/11,TOR2-T1A-TTTX-HRT01,P 5/1/4
97,NEW YORK,NY-T1A-N99X-HCR01,GE_5/1/12,TOR2-T1A-TTTX-HRT01,P 5/1/2
98,NEW YORK,NY-T1A-N99X-HCR01,GE_5/1/2,NY-T1A-RT05,GI8/1/1
99,NEW YORK,NY-T1A-N99X-HCR01,GE_5/1/3,NY-T1A-RT02,GI1/10
100,NEW YORK,NY-T1A-N99X-HCR01,TE_1/1/13,PAR-T1A-P96X-HCR02,P 1/1/13
101,NEW YORK,NY-T1A-N99X-HCR01,TE_1/1/14,NY-T1A-CR03,TE2/2
102,NEW YORK,NY-T1A-N99X-HCR01,TE_2/2/1,NY-T1A-N99X-HPE01,P 1/1/13
103,NEW YORK,NY-T1A-N99X-HCR01,TE_2/2/2,NY-T1A-CR02,TE2/2
104,NEW YORK,NY-T1A-N99X-HCR01,TE_2/2/4,PAR-T1A-P96X-HCR02,P 3/2/4
105,NEW YORK,NY-T1A-N99X-HCR01,TE_5/1/13,ASH-T1A-AE6X-HRT03,P 1/1/13
106,NEW YORK,NY-T1A-N99X-HCR01,TE_5/1/14,NY-T1A-N99X-HPE02,P 1/1/13
107,NEW YORK,NY-T1A-N99X-HCR01,GE_1/1/12,NY-T1A-RT04,GI0/1
108,NEW YORK,NY-T1A-N99X-HCR01,GE_1/1/2,NY-T1A-RT01,GI4/1/4
109,NEW YORK,NY-T1A-N99X-HCR01,GE_5/1/1,NY-T1A-RT05,GI3/1/2
110,NEW YORK,NY-T1A-N99X-HCR01,GE_5/1/2,NY-T1A-RT05,GI8/1/1
111,NEW YORK,NY-T1A-N99X-HCR01,GE_5/1/3,NY-T1A-RT02,GI1/10
112,NEW YORK,NY-T1A-N99X-HCR01,TE_1/1/14,NY-T1A-CR03,TE2/2
113,NEW YORK,NY-T1A-N99X-HCR01,TE_2/2/1,NY-T1A-N99X-HPE01,P 1/1/13
114,NEW YORK,NY-T1A-N99X-HCR01,TE_2/2/2,NY-T1A-CR02,TE2/2
115,NEW YORK,NY-T1A-N99X-HCR01,TE_5/1/14,NY-T1A-N99X-HPE02,P 1/1/13
116,ASHBURN,ASH-T1A-RT01,GIGABITETHERNET3/2/2,ASH-T1A-AE6X-RT04,GI0/0/0
117,ASHBURN,ASH-T1A-RT01,TENGIGABITETHERNET7/2,ASH-T1A-AE6X-HRT01,P 1/1/13
118,ASHBURN,ASH-T1A-AE6X-HRT03,P 1/1/13,NY-T1A-N99X-HCR01,P 5/1/13
119,ASHBURN,ASH-T1A-AE6X-HRT01,TE_1/1/13,ASH-T1A-AE6X-HRT01,TENGIGABITETHERNET7/2
120,ASHBURN,ASH-T1A-AE6X-HRT01,TE_1/1/14,NJ-T1A-NJYX-HCR01,TE_1/2/1
121,ASHBURN,ASH-T1A-AE6X-HRT01,TE_5/1/14,ATL-T1A-A56X-HRT01,TE_5/1/14
122,ATLANTA,ATL-T1A-RT01,GIGABITETHERNET3/0/1,ATL-T1A-RT02,GI3/0/1
123,ATLANTA,ATL-T1A-RT01,GIGABITETHERNET3/0/0,ATL-T1A-RT02,GI3/0/0
124,ATLANTA,ATL-T1A-RT01,GIGABITETHERNET2/2/3,ATL-T1A-A56X-HRT01,P_1/1/2
125,ATLANTA,ATL-T1A-RT02,GI3/0/1,ATL-T1A-RT01,GIGABITETHERNET3/0/1
126,ATLANTA,ATL-T1A-RT02,GI3/0/0,ATL-T1A-RT01,GIGABITETHERNET3/0/0
127,ATLANTA,ATL-T1A-RT02,TENGIGABITETHERNET4/2,DA-T1A-D0VX-HPE01,P 5/1/13
128,ATLANTA,ATL-T1A-RT02,TENGIGABITETHERNET7/1,ATL-T1A-A56X-HRT01,P 5/1/13
129,ATLANTA,ATL-T1A-RT02,TENGIGABITETHERNET4/1,ATL-T1A-A56X-HRT01,P 1/1/13
130,ATLANTA,ATL-T1A-RT03,NO OSPF NEIGHBOR,NAN,NAN
131,ATLANTA,ATL-T1A-A56X-HRT01,TE_5/1/14,ASH-T1A-AE6X-HRT01,TE_5/1/14
132,ATLANTA,ATL-T1A-A56X-HRT01,GE_1/1/2,ATL-T1A-RT01,GIGABITETHERNET2/2/3
133,ATLANTA,ATL-T1A-A56X-HRT01,TE_1/1/13,ATL-T1A-RT02,TENGIGABITETHERNET7/1
134,ATLANTA,ATL-T1A-A56X-HRT01,TE_5/1/13,ATL-T1A-RT02,TENGIGABITETHERNET4/1
135,ATLANTA,ATL-T1A-A56X-HRT01,TE_1/1/14,MIA-T1A-MLNX-HPE02,TE_1/1/14
136,BOSTON,BOS-T1A-RT01,GIGABITETHERNET1/0/4,NJ-T1A-NJYX-HCR01,P 1/1/4
137,BOSTON,BOS-T1A-RT01,GIGABITETHERNET0/0/2,NY-T1A-N99X-HCR01,P 1/1/6
138,CHICAGO,CH-T1A-RT01,GIGABITETHERNET4/0/1,CH-T1A-RT03,GI3/0/1
139,CHICAGO,CH-T1A-RT01,GIGABITETHERNET4/0/0,CH-T1A-RT03,GI3/0/0
140,CHICAGO,CH-T1A-RT01,GIGABITETHERNET7/1/3,CH-T1A-C0VX-HPE01,P 1/1/1
141,CHICAGO,CH-T1A-RT03,GI3/0/1,CH-T1A-RT01,GIGABITETHERNET4/0/1
142,CHICAGO,CH-T1A-RT03,GI3/0/0,CH-T1A-RT01,GIGABITETHERNET4/0/0
143,CHICAGO,CH-T1A-RT03,TENGIGABITETHERNET4/1,CH-T1A-CT8X-HPE01,P 4/1/1
144,CHICAGO,CH-T1A-RT03,TENGIGABITETHERNET9/1,CH-T1A-CT8X-HPE01,P 1/1/13
145,CHICAGO,CH-T1A-RT03,POS3/1/0,CH-T1A-CT8X-HPE02,P 3/1/14
146,CHICAGO,CH-T1A-RT03,POS2/3/0,CH-T1A-CT8X-HPE03,P3/1/13
147,CHICAGO,CH-T1A-RT03,TE4/2,NY-T1A-CR03,TE9/2
148,CHICAGO,CH-T1A-CT8X-HPE01,P 4/1/1,CH-T1A-RT03,TENGIGABITETHERNET4/1
149,CHICAGO,CH-T1A-CT8X-HPE01,P 1/1/13,CH-T1A-RT03,TENGIGABITETHERNET9/1
150,CHICAGO,CH-T1A-CT8X-HPE01,STM4_3/1/13,CH-T1A-RT03,POS2/3/0
151,CHICAGO,CH-T1A-CT8X-HPE01,GE_1/1/1,CH-T1A-RT01,GIGABITETHERNET7/1/3
152,CHICAGO,CH-T1A-CT8X-HPE01,STM4_3/1/14,CH-T1A-RT03,POS3/1/0
153,CHICAGO,CH-T1A-CT8X-HPE01,TE_1/1/14,SC-T1A-SV1X-HCR01,TE_1/2/3
154,CHICAGO,CH-T1A-CT8X-HPE01,TE_5/1/13,DA-T1A-RT03,TENGIGABITETHERNET4/1
155,CHICAGO,CH-T1A-CT8X-HPE01,TE_2/1/1,SEA2-T1A-EMSX-HRT01,TE_5/1/13
156,CHICAGO,CH-T1A-CT8X-HPE01,TE_4/1/2,TOR-T1A-T6UX-HRT01,TE_1/1/14
157,DALLAS,DA-T1A-RT01,GIGABITETHERNET2/1/3,DA-T1A-RT03,GIGABITETHERNET3/0/0
158,DALLAS,DA-T1A-RT01,GIGABITETHERNET2/2/3,DA-T1A-D0VX-HPE01,GE_2/2/14
159,DALLAS,DA-T1A-RT01,GIGABITETHERNET2/2/2,DA-T1A-D0VX-HPE01,GE_2/2/13
160,DALLAS,DA-T1A-RT03,TENGIGABITETHERNET4/1,CH-T1A-CT8X-HPE01,TE_5/1/13
161,DALLAS,DA-T1A-RT03,GIGABITETHERNET8/1/2,HOS-T1A-RT01,GIGABITETHERNET0/0/2
162,DALLAS,DA-T1A-RT03,TENGIGABITETHERNET7/2,DA-T1A-D0VX-HPE01,TE_5/1/14
163,DALLAS,DA-T1A-RT03,GI 3/0/0,DA-T1A-RT01,GIGABITETHERNET2/1/3
164,DALLAS,DA-T1A-RT03,TENGI 4/2,DA-T1A-D0VX-HPE01,TE_1/1/13
165,DALLAS,DA-T1A-D0VX-HPE01,GE_2/2/13,DA-T1A-RT01,GIGABITETHERNET2/2/2
166,DALLAS,DA-T1A-D0VX-HPE01,GE_2/2/14,DA-T1A-RT01,GIGABITETHERNET2/2/3
167,DALLAS,DA-T1A-D0VX-HPE01,TE_1/1/13,DA-T1A-RT03,TENGIGABITETHERNET4/2
168,DALLAS,DA-T1A-D0VX-HPE01,TE_1/1/14,NJ-T1A-NJYX-HCR01,TE_1/1/13
169,DALLAS,DA-T1A-D0VX-HPE01,TE_5/1/13,ATL-T1A-RT02,TENGIGABITETHERNET4/2
170,DALLAS,DA-T1A-D0VX-HPE01,TE_5/1/14,DA-T1A-RT03,TENGIGABITETHERNET7/2
171,DALLAS,DA-T1A-D0VX-HPE01,TE_4/1/1,LA-T1A-27GX-HPE01,TE_1/1/14
172,DALLAS,DA-T1A-RT03,PO8/0/0,MIA-T1A-RT01,PO2/2/0
173,NEW JERSEY,NJ-T1A-NJYX-CR02,TENGIGABITETHERNET4/1,LN-T1A-L78X-HCR02,TE_2/2/1
174,NEW JERSEY,NJ-T1A-NJYX-CR02,TENGIGABITETHERNET8/1,NJ-T1A-NJYX-HCR01,TE_5/1/2
175,NEW JERSEY,NJ-T1A-NJYX-CR02,TENGIGABITETHERNET9/1,LN-T1A-L78X-HCR02,TE_3/1/2
176,NEW JERSEY,NJ-T1A-NJYX-CR02,TENGIGABITETHERNET8/2,NJ-T1A-NJYX-HPE01,TE_9/1/2
177,NEW JERSEY,NJ-T1A-NJYX-CR02,GIGABITETHERNET7/0/2,NJ-T1A-NJYX-HCR01,GE_1/1/10
178,NEW JERSEY,NJ-T1A-NJYX-CR02,TENGIGABITETHERNET4/2,NJ-T1A-NJYX-HPE02,TE_10/1/14
179,NEW JERSEY,NJ-T1A-NJYX-CR02,TENGIGABITETHERNET2/2,NJ-T1A-NJYX-HCR01,TE_1/2/3
180,NEW JERSEY,NJ-T1A-NJYX-CR02,TENGIGABITETHERNET2/1,LA-T1A-CR02,TENGIGABITETHERNET2/1
181,NEW JERSEY,NJ-T1A-NJYX-CR02,GIGABITETHERNET7/0/0,NJ-T1A-NJYX-HPE02,GE_1/1/10
182,NEW JERSEY,NJ-T1A-NJYX-HPE01,TE_1/1/13,NJ-T1A-NJYX-HCR01,TE_1/1/14
183,NEW JERSEY,NJ-T1A-NJYX-HPE01,TE_9/1/2,NJ-T1A-NJYX-CR02,TENGIGABITETHERNET8/2
184,NEW JERSEY,NJ-T1A-NJYX-HPE02,GE_1/1/10,NJ-T1A-NJYX-CR02,GIGABITETHERNET7/0/0
185,NEW JERSEY,NJ-T1A-NJYX-HPE02,TE_10/1/14,NJ-T1A-NJYX-CR02,TENGIGABITETHERNET4/2
186,NEW JERSEY,NJ-T1A-NJYX-HPE02,TE_9/1/13,NJ-T1A-NJYX-HCR01,TE_5/1/1
187,NEW JERSEY,NJ-T1A-NJYX-HCR01,TE_5/1/1,NJ-T1A-NJYX-HPE02,TE_9/1/13
188,NEW JERSEY,NJ-T1A-NJYX-HCR01,TE_1/1/14,NJ-T1A-NJYX-HPE01,TE_1/1/13
189,NEW JERSEY,NJ-T1A-NJYX-HCR01,TE_5/1/2,NJ-T1A-NJYX-CR02,TENGIGABITETHERNET8/1
190,NEW JERSEY,NJ-T1A-NJYX-HCR01,TE_1/2/3,NJ-T1A-NJYX-CR02,TENGIGABITETHERNET2/2
191,NEW JERSEY,NJ-T1A-NJYX-HCR01,GE_1/1/10,NJ-T1A-NJYX-CR02,GIGABITETHERNET7/0/2
192,NEW JERSEY,NJ-T1A-NJYX-HCR01,TE_5/2/3,NY-T1A-CR03,TENGIGABITETHERNET7/2
193,NEW JERSEY,NJ-T1A-NJYX-HCR01,TE_1/1/13,DA-T1A-D0VX-HPE01,TE_1/1/14
194,NEW JERSEY,NJ-T1A-NJYX-HCR01,TE_1/2/1,ASH-T1A-AE6X-HRT01,1/1/14
195,NEW JERSEY,NJ-T1A-NJYX-HCR01,GE_1/1/4,BOS-T1A-RT01,GIGABITETHERNET1/0/4
196,NEW JERSEY,NJ-T1A-NJYX-HCR01,TE_5/1/3,NY-T1A-CR03,TENGIGABITETHERNET2/1
197,SANTA CLARA,SC-T1A-SV1X-HCR01,TE_1/2/3,CH-T1A-CT8X-HPE01,TE_1/1/14
198,SANTA CLARA,SC-T1A-SV1X-HCR01,TE_1/2/1,SC-T1A-S99X-HPE01,TE_10/1/14
199,SANTA CLARA,SC-T1A-SV1X-HCR01,TE_5/1/1,SC-T1A-S99X-HPE02,TE_10/1/14
200,SANTA CLARA,SC-T1A-SV1X-HCR01,TE_1/1/14,SC-T1A-CR03,TENGIGABITETHERNET2/2
201,SANTA CLARA,SC-T1A-SV1X-HCR01,TE_1/1/13,NY-T1A-CR02,TENGIGABITETHERNET2/1
202,SANTA CLARA,SC-T1A-SV1X-HCR01,TE_5/1/2,TK-T1A-T0VX-HCR01,TE_1/1/13
203,SANTA CLARA,SC-T1A-SV1X-HCR01,TE_5/1/4,SC-T1A-CR03,TENGIGABITETHERNET4/2
204,SANTA CLARA,SC-T1A-CR03,TENGIGABITETHERNET2/2,SC-T1A-SV1X-HCR01,TE_1/1/14
205,SANTA CLARA,SC-T1A-CR03,TENGIGABITETHERNET4/2,SC-T1A-SV1X-HCR01,TE_5/1/4
206,SANTA CLARA,SC-T1A-CR03,TENGIGABITETHERNET4/1,SEA-T1A-00SX-HPE01,TE_3/1/13
207,SANTA CLARA,SC-T1A-CR03,GIGABITETHERNET3/13,SC-T1A-S99X-HPE02,40544
208,SANTA CLARA,SC-T1A-CR03,TENGIGABITETHERNET2/1,LA-T1A-CR01,TE2/1
209,SANTA CLARA,SC-T1A-CR03,GIGABITETHERNET3/17,SC-T1A-S99X-HPE02,40553
210,SANTA CLARA,SC-T1A-CR03,GIGABITETHERNET3/12,SC-T1A-S99X-HPE01,40544
211,SANTA CLARA,SC-T1A-S99X-HPE01,TE_10/1/14,SC-T1A-SV1X-HCR01,TE_5/1/1
212,SANTA CLARA,SC-T1A-S99X-HPE01,2011-01-01 00:00:00,SC-T1A-CR03,GIGABITETHERNET3/12
213,SANTA CLARA,SC-T1A-S99X-HPE01,TE_1/1/13,SC-T1A-S99X-HPE02,TE_1/1/13
214,SANTA CLARA,SC-T1A-S99X-HPE02,TE_10/1/14,SC-T1A-SV1X-HCR01,TE_5/1/1
215,SANTA CLARA,SC-T1A-S99X-HPE02,2011-01-01 00:00:00,SC-T1A-CR03,GIGABITETHERNET3/13
216,SANTA CLARA,SC-T1A-S99X-HPE02,2011-01-10 00:00:00,SC-T1A-CR03,GIGABITETHERNET3/17
217,SANTA CLARA,SC-T1A-S99X-HPE02,TE_1/1/13,SC-T1A-S99X-HPE01,TE_1/1/13
218,SEATTLE,SEA-T1A-00SX-HPE01,TE_5/1/13,SEA2-T1A-EMSX-HRT01,TE_1/1/14
219,SEATTLE,SEA-T1A-00SX-HPE01,TE_3/1/13,SC-T1A-CR03,TENGIGABITETHERNET4/1
220,SEATTLE II,SEA2-T1A-EMSX-HRT01,TE_5/1/13,CH-T1A-CT8X-HPE01,TE_2/1/1
221,SEATTLE II,SEA2-T1A-EMSX-HRT01,TE_1/1/14,SEA-T1A-00SX-HPE01,TE_5/1/13
222,BRAZIL,BRZ-T1A-XXHX-HRT01,GE_1/1/3,NY-T1A-N99X-HCR01,GE_1/1/4
223,TORONTTO,TOR-T1A-RT01,GE-2/1/0,TOR-T1A-RT02,GE-2/1/0
224,TORONTTO,TOR-T1A-RT01,GE-3/1/0,TOR-T1A-T6UX-HRT01,GE-3/1/0.0
225,TORONTTO,TOR-T1A-T6UX-HRT01,GE_1/1/11,TOR-T1A-RT01,GE-3/1/0.0
226,TORONTTO,TOR-T1A-T6UX-HRT01,GE_5/1/11,TOR-T1A-RT02,GE-3/1/0.0
227,TORONTTO,TOR-T1A-T6UX-HRT01,TE_5/1/14,TOR2-T1A-TTTX-HRT01,TE_5/1/13
228,TORONTTO,TOR-T1A-T6UX-HRT01,TE_1/1/14,CH-T1A-CT8X-HPE01,TE_4/1/2
229,TORONTTO,TOR-T1A-T6UX-HRT01,GE_2/2/1,TOR-T1A-T6UX-RT02,GIGABITETHERNET0/1/1
230,TORONTTO,TOR-T1A-T6UX-HRT01,GE_1/1/5,TOR-T1A-T6UX-RT02,GIGABITETHERNET0/0/0
231,TORONTTO,TOR-T1A-T6UX-HRT01,GE_2/2/3,TOR-T1A-T6UX-RT04,GIGABITETHERNET0/0/0
232,TORONTTO,TOR-T1A-T6UX-HRT01,GE_3/1/3,TOR-T1A-T6UX-RT04,GIGABITETHERNET0/1/1
233,TORONTTO,TOR-T1A-RT02,GE-2/1/0.0,TOR-T1A-RT01,GE-2/1/0
234,TORONTTO,TOR-T1A-RT02,GE-3/1/0.0,TOR-T1A-T6UX-HRT01,GE_5/1/11
235,TORONTTO II,TOR2-T1A-TTTX-HRT01,GE_5/1/2,NY-T1A-N99X-HCR01,GE_5/1/12
0,LONDON TELEHOUSE,LN2-T1A-LDNX-HRT01,P1/1/13,LN2-T1A-LDNX-HRT02,P1/2/2
1,LONDON TELEHOUSE,LN2-T1A-LDNX-HRT01,P3/1/1,LN2-T1A-LDNX-HRT02,P3/2/2
2,LONDON TELEHOUSE,LN2-T1A-LDNX-HRT01,P1/1/9,ISL-T1A-XXGX-HRT01,P1/1/15
3,LONDON TELEHOUSE,LN2-T1A-LDNX-HRT01,P5/1/9,DUB-T1A-RT02,GI3/0/3
4,LONDON TELEHOUSE,LN2-T1A-LDNX-HRT01,P5/1/14,LN-T1A-L78X-HCR02,P5/2/4
5,LONDON TELEHOUSE,LN2-T1A-LDNX-HRT01,P5/1/13,LN-T1A-RT11-PE,TE7/1
6,LONDON TELEHOUSE,LN2-T1A-LDNX-HRT01,P4/2/13,PAR-T1A-P96X-HCR02,P3/1/3
7,LONDON TELEHOUSE,LN2-T1A-LDNX-HRT01,P4/1/6,LUA-T1A-7B5X-HRT01,P1/7/5
8,LONDON TELEHOUSE,LN2-T1A-LDNX-HRT02,P1/2/2,LN2-T1A-LDNX-HRT01,P1/1/13
9,LONDON TELEHOUSE,LN2-T1A-LDNX-HRT02,P3/2/2,LN2-T1A-LDNX-HRT01,P3/1/1
10,LONDON TELEHOUSE,LN2-T1A-LDNX-HRT02,P5/1/1,BRU-T1A-RT01,GI7/1/0
11,LONDON TELEHOUSE,LN2-T1A-LDNX-HRT02,P1/1/2,LN-T1A-RT05,GI3/0/3
12,LONDON TELEHOUSE,LN2-T1A-LDNX-HRT02,P3/2/3,LN-T1A-RT11-PE,TE3/1
13,LONDON TELEHOUSE,LN2-T1A-LDNX-HRT02,P1/2/3,LN-T1A-RT11-PE,TE7/2
14,LONDON TELEHOUSE,LN2-T1A-LDNX-HRT02,P5/1/13,HBG-T1A-RT03,TE9/2
15,LONDON TELEHOUSE,LN2-T1A-LDNX-HRT02,P1/1/13,LN-T1A-HCR01,P1/2/1
16,LONDON TELEHOUSE,LN2-T1A-LDNX-HRT02,P1/1/1,LUA-T1A-7B5X-HRT01,P1/10/1
17,LONDON TELEHOUSE,LN-T1A-RT05,GI3/0/3,LN2-T1A-LDNX-HRT02,P1/1/2
18,LONDON TELEHOUSE,LN-T1A-RT05,GI3/0/0,LN-T1A-L78X-HCR02,P1/1/3
19,LONDON TELEHOUSE,LN-T1A-RT11-PE,TE7/2,LN2-T1A-LDNX-HRT02,P1/2/3
20,LONDON TELEHOUSE,LN-T1A-RT11-PE,TE3/1,LN2-T1A-LDNX-HRT02,P3/2/3
21,LONDON TELEHOUSE,LN-T1A-RT11-PE,TE7/1,LN2-T1A-LDNX-HRT01,P5/1/13
22,ISTANBUL-II,IST2-T1A-HRT01,P1/8/4,IST-T1A-RT01,GI2/0/1
23,ISTANBUL-II,IST2-T1A-HRT01,P1/8/2,FFT-T1A-FNMX-HCR02,P1/1/5
24,ISTANBUL-II,IST2-T1A-HRT01,P1/8/3,FFT-T1A-FNM-HCR01,P3/1/8
25,ISTANBUL-I,IST-T1A-RT01,GI2/0/1,IST2-T1A-HRT01,P1/8/4
26,ISTANBUL-I,IST-T1A-RT01,GI3/0/2,FFT-T1A-FNM-HCR01,P2/1/5
27,HIGHBRIDGE,HBG-T1A-HB9X-HRT01,P1/1/8,HBG-T1A-RT01,GI1/0/4
28,HIGHBRIDGE,HBG-T1A-HB9X-HRT01,P3/1/10,PAR2-T1A-RT01,POS2/1/0
29,HIGHBRIDGE,HBG-T1A-HB9X-HRT01,P5/1/14,CRX-T1A-HW1X-HRT02,P5/1/14
30,HIGHBRIDGE,HBG-T1A-HB9X-HRT01,P1/1/13,HBG-T1A-RT03,TE7/1
31,HIGHBRIDGE,HBG-T1A-HB9X-HRT01,P5/1/13,HBG-T1A-RT03,TE9/1
32,HIGHBRIDGE,HBG-T1A-RT03,TE9/2,LN2-T1A-LDNX-HRT02,P5/1/13
33,HIGHBRIDGE,HBG-T1A-RT03,TE9/1,HBG-T1A-HB9X-HRT01,P5/1/13
34,HIGHBRIDGE,HBG-T1A-RT03,TE7/1,HBG-T1A-HB9X-HRT01,P1/1/13
35,HIGHBRIDGE,HBG-T1A-RT03,GI3/0/1,HBG-T1A-RT01,GI1/2/1
36,HIGHBRIDGE,HBG-T1A-RT03,GI3/0/0,HBG-T1A-RT01,GI2/1/1
37,HIGHBRIDGE,HBG-T1A-RT01,GI1/2/1,HBG-T1A-RT03,GI3/0/1
38,HIGHBRIDGE,HBG-T1A-RT01,GI2/1/1,HBG-T1A-RT03,GI3/0/0
39,HIGHBRIDGE,HBG-T1A-RT01,GI1/0/4,HBG-T1A-HB9X-HRT01,P1/1/8
40,HELSINKI-I,HEL1-T1A-HRT01,P2/1/2,FFT-T1A-FNM-HCR01,P2/1/9
41,HELSINKI-I,HEL1-T1A-HRT01,P2/1/4,HEL2-T1A-HRT01,P2/1/4
42,HELSINKI-I,HEL1-T1A-HRT01,P4/1/7,HEL2-T1A-HRT01,P4/1/6
43,HELSINKI-II,HEL2-T1A-HRT01,P2/1/13,LN-T1A-HCR01,P4/1/1
44,HELSINKI-II,HEL2-T1A-HRT01,P2/1/4,HEL1-T1A-HRT01,P2/1/4
45,HELSINKI-II,HEL2-T1A-HRT01,P4/1/6,HEL1-T1A-HRT01,P4/1/7
46,GENEVA,GEN-T1A-GVSX-HRT01,P5/1/2,PAR-T1A-P96X-HCR01,P5/2/3
47,GENEVA,GEN-T1A-GVSX-HRT01,P1/1/2,ZU-T1A-RT02,GI3/0/3
48,FRANKFURT-III,FFT3-T1A-FR1X-HRT01,P1/1/13,FFT-T1A-FNM-HCR01,P2/2/1
49,FRANKFURT-III,FFT3-T1A-FR1X-HRT01,P5/1/13,FFT2-T1A-FEQX-HRT01,P5/1/13
50,FRANKFURT-III,FFT3-T1A-FR1X-HRT01,P1/1/5,ISL-T1A-XXGX-HRT01,P2/1/15
51,FRANKFURT-III,FFT3-T1A-FR1X-HRT01,P5/1/1,ISL-T1A-ATLVA-ACN-RT02,GI0/0/0
52,DUBLIN,DUB-T1A-RT01,GI3/0/1,DUB-T1A-RT02,GI3/0/1
53,DUBLIN,DUB-T1A-RT01,GI3/0/0,DUB-T1A-RT02,GI3/0/0
54,DUBLIN,DUB-T1A-RT01,GI3/0/3,LN-T1A-L78X-HCR02,P1/1/6
55,DUBLIN,DUB-T1A-RT02,GI3/0/3,LN2-T1A-LDNX-HRT01,P5/1/9
56,DUBLIN,DUB-T1A-RT02,GI3/0/1,DUB-T1A-RT01,GI3/0/1
57,DUBLIN,DUB-T1A-RT02,GI3/0/0,DUB-T1A-RT01,GI3/0/0
58,ZURICH,ZU-T1A-RT01,GI2/1/1,FFT-T1A-FNM-HCR01,P2/1/1
59,ZURICH,ZU-T1A-RT01,GI2/1/0,ZU-T1A-RT02,GI2/1/0
60,ZURICH,ZU-T1A-RT01,GI3/0/1,ZU-T1A-RT02,GI3/0/1
61,ZURICH,ZU-T1A-RT01,GI3/0/0,ZU-T1A-RT02,GI3/0/0
62,ZURICH,ZU-T1A-RT02,GI2/1/0,ZU-T1A-RT01,GI2/1/0
63,ZURICH,ZU-T1A-RT02,GI3/0/1,ZU-T1A-RT01,GI3/0/1
64,ZURICH,ZU-T1A-RT02,GI3/0/0,ZU-T1A-RT01,GI3/0/0
65,ZURICH,ZU-T1A-RT02,GI3/0/3,GEN-T1A-GVSX-HRT01,P1/1/2
66,WARSAW,WA-T1A-WZNX-HRT01,P1/1/13,WA-T1A-WZNX-HRT02,P1/1/13
67,WARSAW,WA-T1A-WZNX-HRT01,P2/1/13,WA-T1A-WZNX-HRT02,P2/1/13
68,WARSAW,WA-T1A-WZNX-HRT01,P1/1/11,FFT-T1A-FNMX-HCR02,P5/1/7
69,WARSAW,WA-T1A-WZNX-HRT01,P1/1/12,WA-T1A-WZNX-HPE02,P1/11/1
70,WARSAW,WA-T1A-WZNX-HRT02,P1/1/13,WA-T1A-WZNX-HRT01,P1/1/13
71,WARSAW,WA-T1A-WZNX-HRT02,P2/1/13,WA-T1A-WZNX-HRT01,P2/1/13
72,WARSAW,WA-T1A-WZNX-HRT02,P1/1/12,WA-T1A-WZNX-HPE01,P1/9/4
73,WARSAW,WA-T1A-WZNX-HRT02,P1/1/11,FFT2-T1A-FEQ-RT02,GI2/1/3
74,WARSAW,WA-T1A-WZNX-HPE01,P1/9/4,WA-T1A-WZNX-HRT02,P1/1/12
75,WARSAW,WA-T1A-WZNX-HPE01,P1/9/1,WA-T1A-WZNX-HPE02,P1/9/1
76,WARSAW,WA-T1A-WZNX-HPE02,P1/11/1,WA-T1A-WZNX-HRT01,P1/1/12
77,WARSAW,WA-T1A-WZNX-HPE02,P1/9/1,WA-T1A-WZNX-HPE01,P1/9/1
78,STOCKHOLM,STO-T1A-STKX-HRT01,P1/8/5,STO-T1A-RT04,GI0/0/1
79,STOCKHOLM,STO-T1A-STKX-HRT01,P1/3/6,STO-T1A-STKX-HRT02,P1/1/11
80,STOCKHOLM,STO-T1A-STKX-HRT01,P1/7/5,STO-T1A-STKX-HRT02,P2/1/41
81,STOCKHOLM,STO-T1A-STKX-HRT01,P1/3/4,COP-T1A-ACPHB-HRT01,P1/1/1
82,STOCKHOLM,STO-T1A-RT04,GI1/0/1,STO-T1A-STKX-HRT02,P2/1/43
83,STOCKHOLM,STO-T1A-RT04,GI0/0/0,STO-T1A-STKX-HRT02,P1/1/41
84,STOCKHOLM,STO-T1A-RT04,GI0/0/1,STO-T1A-STKX-HRT01,P1/8/5
85,STOCKHOLM,STO-T1A-STKX-HRT02,P1/1/11,STO-T1A-STKX-HRT01,P1/3/6
86,STOCKHOLM,STO-T1A-STKX-HRT02,P1/1/41,STO-T1A-RT04,GI0/0/0
87,STOCKHOLM,STO-T1A-STKX-HRT02,P2/1/43,STO-T1A-RT04,GI1/0/1
88,STOCKHOLM,STO-T1A-STKX-HRT02,P2/1/41,STO-T1A-STKX-HRT01,P1/7/5
89,STOCKHOLM,STO-T1A-STKX-HRT02,P1/1/13,FFT-T1A-FNMX-HCR02,P1/1/6
90,MUNICH,MUN-T1A-MU1X-HRT01,P1/1/13,FFT-T1A-FNMX-HCR02,P1/2/4
91,MUNICH,MUN-T1A-MU1X-HRT01,P5/1/13,FFT2-T1A-FEQ-RT02,TE4/1
92,MOROCCO,MOR-T1A-52WX-HRT01,P2/1/25,MA-T1A-WV6X-HRT01,P1/1/9
93,MOROCCO,MOR-T1A-52WX-HRT01,P1/1/23,MOR-T1A-52WX-HRT02,P1/1/23
94,MOROCCO,MOR-T1A-52WX-HRT01,P2/1/23,MOR-T1A-52WX-HRT02,P2/1/23
95,MOROCCO,MOR-T1A-52WX-HRT02,P1/1/23,MOR-T1A-52WX-HRT01,P1/1/23
96,MOROCCO,MOR-T1A-52WX-HRT02,P2/1/23,MOR-T1A-52WX-HRT01,P2/1/23
97,MOROCCO,MOR-T1A-52WX-HRT02,P2/1/25,PAR2-T1A-RT01,GI3/2/3
98,MOSCOW,MOS-T1A-RT01,GI3/1/0,MOS-T1A-RT02,GI3/1/0
99,MOSCOW,MOS-T1A-RT01,GI3/0/0,MOS-T1A-RT02,GI3/0/0
100,MOSCOW,MOS-T1A-RT01,POS2/2/0,LN-T1A-HCR01,P4/2/2
101,MOSCOW,MOS-T1A-RT02,GI3/1/0,MOS-T1A-RT01,GI3/1/0
102,MOSCOW,MOS-T1A-RT02,GI3/0/0,MOS-T1A-RT01,GI3/0/0
103,MOSCOW,MOS-T1A-RT02,POS2/2/0,FFT-T1A-FNM-HCR01,P4/2/1
104,MILAN,MIL-T1A-ITMX-HRT01,P1/1/1,MIL-T1A-RT02,GI3/0/4
105,MILAN,MIL-T1A-ITMX-HRT01,P1/1/2,MIL-T1A-RT02,GI3/0/3
106,MILAN,MIL-T1A-ITMX-HRT01,P5/1/13,FFT-T1A-FNM-HCR01,P2/2/3
107,MILAN,MIL-T1A-RT02,GI2/2/2,PAR-T1A-P96X-HCR01,P1/1/5
108,MILAN,MIL-T1A-RT02,GI2/2/3,FFT-T1A-FNM-HCR01,P2/1/11
109,MILAN,MIL-T1A-RT02,GI3/0/3,MIL-T1A-ITMX-HRT01,P1/1/2
110,MILAN,MIL-T1A-RT02,GI3/0/4,MIL-T1A-ITMX-HRT01,P1/1/1
111,MADRID,MA-T1A-WV6X-HRT01,P5/1/12,MA-T1A-RT01,GI4/2/2
112,MADRID,MA-T1A-WV6X-HRT01,P1/1/12,MA-T1A-RT01,GI2/1/1
113,MADRID,MA-T1A-WV6X-HRT01,P3/1/1,PAR-T1A-P96X-HCR01,P5/1/1
114,MADRID,MA-T1A-WV6X-HRT01,P1/1/9,MOR-T1A-52WX-HRT01,P2/1/25
115,MADRID,MA-T1A-WV6X-HRT01,P1/1/14,LN-T1A-HCR01,P1/2/3
116,MADRID,MA-T1A-WV6X-HRT01,P3/2/20,PAR-T1A-PV0X-HPE01,P2/2/20
117,MADRID,MA-T1A-RT01,GI4/2/2,MA-T1A-WV6X-HRT01,P5/1/12
118,MADRID,MA-T1A-RT01,GI2/1/1,MA-T1A-WV6X-HRT01,P1/1/12
119,MANCHESTER,MAN-T1A-UKUX-HRT01,P1/1/6,AM-T1A-HRT03,P1/1/6
120,MANCHESTER,MAN-T1A-UKUX-HRT01,P5/1/2,LN-T1A-HCR01,P2/1/8
121,LISBON,LSB-T1A-PV9X-HRT01,P1/5/1,LN-T1A-L78X-HCR02,P5/1/8
122,LISBON,LSB-T1A-PV9X-HRT01,P1/6/1,PAR-T1A-P96X-HCR01,P5/2/8
123,ISTANBUL-II,IST2-T1A-HRT01,P1/8/4,IST-T1A-RT01,GI2/0/1
124,ISTANBUL-II,IST2-T1A-HRT01,P1/8/2,FFT-T1A-FNMX-HCR02,P1/1/5
125,ISTANBUL-II,IST2-T1A-HRT01,P1/8/3,FFT-T1A-FNM-HCR01,P3/1/8
126,ISTANBUL-I,IST-T1A-RT01,GI2/0/1,IST2-T1A-HRT01,P1/8/4
127,ISTANBUL-I,IST-T1A-RT01,GI3/0/2,FFT-T1A-FNM-HCR01,P2/1/5
128,HIGHBRIDGE,HBG-T1A-HB9X-HRT01,P1/1/8,HBG-T1A-RT01,GI1/0/4
129,HIGHBRIDGE,HBG-T1A-HB9X-HRT01,P3/1/10,PAR2-T1A-RT01,POS2/1/0
130,HIGHBRIDGE,HBG-T1A-HB9X-HRT01,P5/1/14,CRX-T1A-HW1X-HRT02,P5/1/14
131,HIGHBRIDGE,HBG-T1A-HB9X-HRT01,P1/1/13,HBG-T1A-RT03,TE7/1
132,HIGHBRIDGE,HBG-T1A-HB9X-HRT01,P5/1/13,HBG-T1A-RT03,TE9/1
133,HIGHBRIDGE,HBG-T1A-RT03,TE9/2,LN2-T1A-LDNX-HRT02,P5/1/13
134,HIGHBRIDGE,HBG-T1A-RT03,TE9/1,HBG-T1A-HB9X-HRT01,P5/1/13
135,HIGHBRIDGE,HBG-T1A-RT03,TE7/1,HBG-T1A-HB9X-HRT01,P1/1/13
136,HIGHBRIDGE,HBG-T1A-RT03,GI3/0/1,HBG-T1A-RT01,GI1/2/1
137,HIGHBRIDGE,HBG-T1A-RT03,GI3/0/0,HBG-T1A-RT01,GI2/1/1
138,HIGHBRIDGE,HBG-T1A-RT01,GI1/2/1,HBG-T1A-RT03,GI3/0/1
139,HIGHBRIDGE,HBG-T1A-RT01,GI2/1/1,HBG-T1A-RT03,GI3/0/0
140,HIGHBRIDGE,HBG-T1A-RT01,GI1/0/4,HBG-T1A-HB9X-HRT01,P1/1/8
141,HELSINKI-I,HEL1-T1A-HRT01,P2/1/2,FFT-T1A-FNM-HCR01,P2/1/9
142,HELSINKI-I,HEL1-T1A-HRT01,P2/1/4,HEL2-T1A-HRT01,P2/1/4
143,HELSINKI-I,HEL1-T1A-HRT01,P4/1/7,HEL2-T1A-HRT01,P4/1/6
144,HELSINKI-II,HEL2-T1A-HRT01,P2/1/13,LN-T1A-HCR01,P4/1/1
145,HELSINKI-II,HEL2-T1A-HRT01,P2/1/4,HEL1-T1A-HRT01,P2/1/4
146,HELSINKI-II,HEL2-T1A-HRT01,P4/1/6,HEL1-T1A-HRT01,P4/1/7
147,GENEVA,GEN-T1A-GVSX-HRT01,P5/1/2,PAR-T1A-P96X-HCR01,P5/2/3
148,GENEVA,GEN-T1A-GVSX-HRT01,P1/1/2,ZU-T1A-RT02,GI3/0/3
149,FRANKFURT-III,FFT3-T1A-FR1X-HRT01,P1/1/13,FFT-T1A-FNM-HCR01,P2/2/1
150,FRANKFURT-III,FFT3-T1A-FR1X-HRT01,P5/1/13,FFT2-T1A-FEQX-HRT01,P5/1/13
151,FRANKFURT-III,FFT3-T1A-FR1X-HRT01,P1/1/5,ISL-T1A-XXGX-HRT01,P2/1/15
152,FRANKFURT-III,FFT3-T1A-FR1X-HRT01,P5/1/1,ISL-T1A-ATLVA-ACN-RT02,GI0/0/0
153,DUBLIN,DUB-T1A-RT01,GI3/0/1,DUB-T1A-RT02,GI3/0/1
154,DUBLIN,DUB-T1A-RT01,GI3/0/0,DUB-T1A-RT02,GI3/0/0
155,DUBLIN,DUB-T1A-RT01,GI3/0/3,LN-T1A-L78X-HCR02,P1/1/6
156,DUBLIN,DUB-T1A-RT02,GI3/0/3,LN2-T1A-LDNX-HRT01,P5/1/9
157,DUBLIN,DUB-T1A-RT02,GI3/0/1,DUB-T1A-RT01,GI3/0/1
158,DUBLIN,DUB-T1A-RT02,GI3/0/0,DUB-T1A-RT01,GI3/0/0
159,ZURICH,ZU-T1A-RT01,GI2/1/1,FFT-T1A-FNM-HCR01,P2/1/1
160,ZURICH,ZU-T1A-RT01,GI2/1/0,ZU-T1A-RT02,GI2/1/0
161,ZURICH,ZU-T1A-RT01,GI3/0/1,ZU-T1A-RT02,GI3/0/1
162,ZURICH,ZU-T1A-RT01,GI3/0/0,ZU-T1A-RT02,GI3/0/0
163,ZURICH,ZU-T1A-RT02,GI2/1/0,ZU-T1A-RT01,GI2/1/0
164,ZURICH,ZU-T1A-RT02,GI3/0/1,ZU-T1A-RT01,GI3/0/1
165,ZURICH,ZU-T1A-RT02,GI3/0/0,ZU-T1A-RT01,GI3/0/0
166,ZURICH,ZU-T1A-RT02,GI3/0/3,GEN-T1A-GVSX-HRT01,P1/1/2
167,WARSAW,WA-T1A-WZNX-HRT01,P1/1/13,WA-T1A-WZNX-HRT02,P1/1/13
168,WARSAW,WA-T1A-WZNX-HRT01,P2/1/13,WA-T1A-WZNX-HRT02,P2/1/13
169,WARSAW,WA-T1A-WZNX-HRT01,P1/1/11,FFT-T1A-FNMX-HCR02,P5/1/7
170,WARSAW,WA-T1A-WZNX-HRT01,P1/1/12,WA-T1A-WZNX-HPE02,P1/11/1
171,WARSAW,WA-T1A-WZNX-HRT02,P1/1/13,WA-T1A-WZNX-HRT01,P1/1/13
172,WARSAW,WA-T1A-WZNX-HRT02,P2/1/13,WA-T1A-WZNX-HRT01,P2/1/13
173,WARSAW,WA-T1A-WZNX-HRT02,P1/1/12,WA-T1A-WZNX-HPE01,P1/9/4
174,WARSAW,WA-T1A-WZNX-HRT02,P1/1/11,FFT2-T1A-FEQ-RT02,GI2/1/3
175,WARSAW,WA-T1A-WZNX-HPE01,P1/9/4,WA-T1A-WZNX-HRT02,P1/1/12
176,WARSAW,WA-T1A-WZNX-HPE01,P1/9/1,WA-T1A-WZNX-HPE02,P1/9/1
177,WARSAW,WA-T1A-WZNX-HPE02,P1/11/1,WA-T1A-WZNX-HRT01,P1/1/12
178,WARSAW,WA-T1A-WZNX-HPE02,P1/9/1,WA-T1A-WZNX-HPE01,P1/9/1
179,STOCKHOLM,STO-T1A-STKX-HRT01,P1/8/5,STO-T1A-RT04,GI0/0/1
180,STOCKHOLM,STO-T1A-STKX-HRT01,P1/3/6,STO-T1A-STKX-HRT02,P1/1/11
181,STOCKHOLM,STO-T1A-STKX-HRT01,P1/7/5,STO-T1A-STKX-HRT02,P2/1/41
182,STOCKHOLM,STO-T1A-STKX-HRT01,P1/3/4,COP-T1A-ACPHB-HRT01,P1/1/1
183,STOCKHOLM,STO-T1A-RT04,GI1/0/1,STO-T1A-STKX-HRT02,P2/1/43
184,STOCKHOLM,STO-T1A-RT04,GI0/0/0,STO-T1A-STKX-HRT02,P1/1/41
185,STOCKHOLM,STO-T1A-RT04,GI0/0/1,STO-T1A-STKX-HRT01,P1/8/5
186,STOCKHOLM,STO-T1A-STKX-HRT02,P1/1/11,STO-T1A-STKX-HRT01,P1/3/6
187,STOCKHOLM,STO-T1A-STKX-HRT02,P1/1/41,STO-T1A-RT04,GI0/0/0
188,STOCKHOLM,STO-T1A-STKX-HRT02,P2/1/43,STO-T1A-RT04,GI1/0/1
189,STOCKHOLM,STO-T1A-STKX-HRT02,P2/1/41,STO-T1A-STKX-HRT01,P1/7/5
190,STOCKHOLM,STO-T1A-STKX-HRT02,P1/1/13,FFT-T1A-FNMX-HCR02,P1/1/6
191,PARIS-II,PAR2-T1A-RT01,GI3/2/3,MOR-T1A-52WX-HRT02,P2/1/25
192,PARIS-II,PAR2-T1A-RT01,TE4/1,PAR-T1A-P96X-HCR02,P3/1/2
193,PARIS-II,PAR2-T1A-RT01,GI3/1/1,PAR2-T1A-PVUX-HRT02,P5/1/1
194,PARIS-II,PAR2-T1A-RT01,GI3/1/4,PAR2-T1A-PVUX-HRT02,P1/1/1
195,PARIS-II,PAR2-T1A-RT01,POS2/1/0,HBG-T1A-HB9X-HRT01,P3/1/10
196,PARIS-II,PAR2-T1A-RT01,GI3/0/3,PAR-T1A-P96X-HCR01,P1/1/4
197,PARIS-II,PAR2-T1A-PVUX-HRT02,P1/1/1,PAR2-T1A-RT01,GI3/1/4
198,PARIS-II,PAR2-T1A-PVUX-HRT02,P5/1/1,PAR2-T1A-RT01,GI3/1/1
199,PARIS-II,PAR2-T1A-PVUX-HRT02,P1/2/1,PAR-T1A-P96X-HCR01,P5/2/13
200,MUNICH,MUN-T1A-MU1X-HRT01,P1/1/13,FFT-T1A-FNMX-HCR02,P1/2/4
201,MUNICH,MUN-T1A-MU1X-HRT01,P5/1/13,FFT2-T1A-FEQ-RT02,TE4/1
202,MOROCCO,MOR-T1A-52WX-HRT01,P2/1/25,MA-T1A-WV6X-HRT01,P1/1/9
203,MOROCCO,MOR-T1A-52WX-HRT01,P1/1/23,MOR-T1A-52WX-HRT02,P1/1/23
204,MOROCCO,MOR-T1A-52WX-HRT01,P2/1/23,MOR-T1A-52WX-HRT02,P2/1/23
205,MOROCCO,MOR-T1A-52WX-HRT02,P1/1/23,MOR-T1A-52WX-HRT01,P1/1/23
206,MOROCCO,MOR-T1A-52WX-HRT02,P2/1/23,MOR-T1A-52WX-HRT01,P2/1/23
207,MOROCCO,MOR-T1A-52WX-HRT02,P2/1/25,PAR2-T1A-RT01,GI3/2/3
208,MOSCOW,MOS-T1A-RT01,GI3/1/0,MOS-T1A-RT02,GI3/1/0
209,MOSCOW,MOS-T1A-RT01,GI3/0/0,MOS-T1A-RT02,GI3/0/0
210,MOSCOW,MOS-T1A-RT01,POS2/2/0,LN-T1A-HCR01,P4/2/2
211,MOSCOW,MOS-T1A-RT02,GI3/1/0,MOS-T1A-RT01,GI3/1/0
212,MOSCOW,MOS-T1A-RT02,GI3/0/0,MOS-T1A-RT01,GI3/0/0
213,MOSCOW,MOS-T1A-RT02,POS2/2/0,FFT-T1A-FNM-HCR01,P4/2/1
214,MILAN,MIL-T1A-ITMX-HRT01,P1/1/1,MIL-T1A-RT02,GI3/0/4
215,MILAN,MIL-T1A-ITMX-HRT01,P1/1/2,MIL-T1A-RT02,GI3/0/3
216,MILAN,MIL-T1A-ITMX-HRT01,P5/1/13,FFT-T1A-FNM-HCR01,P2/2/3
217,MILAN,MIL-T1A-RT02,GI2/2/2,PAR-T1A-P96X-HCR01,P1/1/5
218,MILAN,MIL-T1A-RT02,GI2/2/3,FFT-T1A-FNM-HCR01,P2/1/11
219,MILAN,MIL-T1A-RT02,GI3/0/3,MIL-T1A-ITMX-HRT01,P1/1/2
220,MILAN,MIL-T1A-RT02,GI3/0/4,MIL-T1A-ITMX-HRT01,P1/1/1
221,MADRID,MA-T1A-WV6X-HRT01,P5/1/12,MA-T1A-RT01,GI4/2/2
222,MADRID,MA-T1A-WV6X-HRT01,P1/1/12,MA-T1A-RT01,GI2/1/1
223,MADRID,MA-T1A-WV6X-HRT01,P3/1/1,PAR-T1A-P96X-HCR01,P5/1/1
224,MADRID,MA-T1A-WV6X-HRT01,P1/1/9,MOR-T1A-52WX-HRT01,P2/1/25
225,MADRID,MA-T1A-WV6X-HRT01,P1/1/14,LN-T1A-HCR01,P1/2/3
226,MADRID,MA-T1A-WV6X-HRT01,P3/2/20,PAR-T1A-PV0X-HPE01,P2/2/20
227,MADRID,MA-T1A-RT01,GI4/2/2,MA-T1A-WV6X-HRT01,P5/1/12
228,MADRID,MA-T1A-RT01,GI2/1/1,MA-T1A-WV6X-HRT01,P1/1/12
229,MANCHESTER,MAN-T1A-UKUX-HRT01,P1/1/6,AM-T1A-HRT03,P1/1/6
230,MANCHESTER,MAN-T1A-UKUX-HRT01,P5/1/2,LN-T1A-HCR01,P2/1/8
231,LISBON,LSB-T1A-PV9X-HRT01,P1/5/1,LN-T1A-L78X-HCR02,P5/1/8
232,LISBON,LSB-T1A-PV9X-HRT01,P1/6/1,PAR-T1A-P96X-HCR01,P5/2/8
233,AMSTERDAM,AM-T1A-RT01,GI4/1/0,AM-T1A-A99X-HRT01,GE_5/1/3
234,AMSTERDAM,AM-T1A-RT01,GI2/3/1,AM-T1A-HRT03,GE_1/1/3
235,AMSTERDAM,AM-T1A-A99X-HRT01,TE_1/1/14,AM-T1A-HRT03,TE_3/2/1
236,AMSTERDAM,AM-T1A-A99X-HRT01,TE_5/1/13,AM-T1A-HRT03,TE_1/1/14
237,AMSTERDAM,AM-T1A-A99X-HRT01,TE_1/1/13,LN-T1A-L78X-HCR02,TE_2/2/2
238,AMSTERDAM,AM-T1A-A99X-HRT01,GE_5/1/3,AM-T1A-RT01,GIT4/1/0
239,AMSTERDAM,AM-T1A-A99X-HRT01,TE_3/1/1,LN-T1A-L78X-HCR02,TE_3/1/4
240,AMSTERDAM,AM-T1A-A99X-HRT01,TE_2/2/2,COP-T1A-ACPHB-HRT01,TE_1/2/13
241,AMSTERDAM,AM-T1A-HRT03,GE_1/1/3,AM-T1A-RT01,GI2/3/1
242,AMSTERDAM,AM-T1A-HRT03,TE_4/1/2,FFT-T1A-FNM-HCR01,TE_4/1/2
243,AMSTERDAM,AM-T1A-HRT03,TE_2/1/13,PAR-T1A-P96X-HCR02,TE_3/2/1
244,AMSTERDAM,AM-T1A-HRT03,TE_3/2/1,AM-T1A-A99X-HRT01,TE_1/1/14
245,AMSTERDAM,AM-T1A-HRT03,TE_1/1/14,AM-T1A-A99X-HRT01,TE_5/1/13
246,AMSTERDAM,AM-T1A-HRT03,GE_1/1/6,MAN-T1A-UKUX-HRT01,GE_1/1/6
247,AMSTERDAM,AM-T1A-HRT03,TE_1/2/1,FFT-T1A-FNM-HCR01,TE_1/1/1
248,AMSTERDAM,AM-T1A-HRT03,TE_1/2/2,PAR-T1A-P96X-HCR01,TE_1/2/2
249,BUDAPEST,BUD-T1A-RT01,GI2/1/4,BUD-T1A-RT02,GI2/1/1
250,BUDAPEST,BUD-T1A-RT01,GI3/0/1,BUD-T1A-RT02,GI3/0/1
251,BUDAPEST,BUD-T1A-RT01,GI3/0/0,BUD-T1A-RT02,GI3/0/0
252,BUDAPEST,BUD-T1A-RT01,GI2/1/0,FFT-T1A-FNM-HCR01,GE_3/1/10
253,BUDAPEST,BUD-T1A-RT02,GI2/1/1,BUD-T1A-RT01,GI2/1/4
254,BUDAPEST,BUD-T1A-RT02,GI3/0/3,FFT2-T1A-FEQX-HRT01,GE_1/1/2
255,BUDAPEST,BUD-T1A-RT02,GI3/0/1,BUD-T1A-RT01,GI3/0/1
256,BUDAPEST,BUD-T1A-RT02,GI3/0/0,BUD-T1A-RT01,GI3/0/0
257,BRUSSELS,BRU-T1A-RT01,GI2/0/0,PAR-T1A-P96X-HCR02,GE_1/1/7
258,BRUSSELS,BRU-T1A-RT01,GI7/1/0,LN2-T1A-LDNX-HRT02,GE_5/1/1
259,CRESSEX,CRX-T1A-HW1X-HRT02,TE_5/1/13,CRX-T1A-HW1X-HRT99,TE_2/1/13
260,CRESSEX,CRX-T1A-HW1X-HRT02,TE_5/1/14,HBG-T1A-HB9X-HRT01,TE_5/1/14
261,CRESSEX,CRX-T1A-HW1X-HRT02,TE_2/2/2,CRX-T1A-HW1X-HRT99,TE_1/1/13
262,CRESSEX,CRX-T1A-HW1X-HRT99,TE_2/1/13,CRX-T1A-HW1X-HRT02,TE_5/1/13
263,CRESSEX,CRX-T1A-HW1X-HRT99,TE_1/1/13,CRX-T1A-HW1X-HRT02,TE_2/2/2
264,CRESSEX,CRX-T1A-HW1X-HRT99,TE_1/2/14,LN-T1A-HCR01,TE_1/2/2
265,CRESSEX,CRX-T1A-HW1X-HRT99,GE_2/1/7:108,GIN-HW1-THAR2,GE-0/3/8
266,COPENHAGEN,COP-T1A-ACPHB-HRT01,TE_2/1/13,FFT-T1A-FNM-HCR01,TE_2/1/13
267,COPENHAGEN,COP-T1A-ACPHB-HRT01,GE_1/1/1,STO-T1A-STKX-HRT01,GE_1/3/4
268,COPENHAGEN,COP-T1A-ACPHB-HRT01,TE_1/2/13,AM-T1A-A99X-HRT01,TE_2/2/2
269,FRANKFURT I,FFT-T1A-FNM-HCR01,GE_3/1/7,FFT-T1A-RT07-ASBR,GI0/0/1
270,FRANKFURT I,FFT-T1A-FNM-HCR01,GE_2/1/11,MIL-T1A-RT02,GI2/2/3
271,FRANKFURT I,FFT-T1A-FNM-HCR01,TE_3/1/14,FFT-T1A-FNM-HPE01,TE_2/1/13
272,FRANKFURT I,FFT-T1A-FNM-HCR01,TE_4/1/2,AM-T1A-HRT03,TE_4/1/2
273,FRANKFURT I,FFT-T1A-FNM-HCR01,STM4_4/2/1,MOS-T1A-RT02,POS2/2/0
274,FRANKFURT I,FFT-T1A-FNM-HCR01,TE_2/2/2,FFT-T1A-FNMX-HCR02,TE_5/1/13
275,FRANKFURT I,FFT-T1A-FNM-HCR01,TE_2/2/1,FFT3-T1A-FR1X-HRT01,TE_1/1/13
276,FRANKFURT I,FFT-T1A-FNM-HCR01,GE_3/1/4,FFT-T1A-RT07-ASBR,GI0/0/3
277,FRANKFURT I,FFT-T1A-FNM-HCR01,TE_2/1/13,COP-T1A-ACPHB-HRT01,TE_2/1/13
278,FRANKFURT I,FFT-T1A-FNM-HCR01,GE_2/1/5,IST-T1A-RT01,GI3/0/2
279,FRANKFURT I,FFT-T1A-FNM-HCR01,TE_2/2/3,MIL-T1A-ITMX-HRT01,TE_5/1/13
280,FRANKFURT I,FFT-T1A-FNM-HCR01,GE_2/1/9,HEL1-T1A-HRT01,GE_2/1/2
281,FRANKFURT I,FFT-T1A-FNM-HCR01,TE_2/1/14,FFT-T1A-HPE02,TE_5/1/13
282,FRANKFURT I,FFT-T1A-FNM-HCR01,GE_3/1/10,BUD-T1A-RT01,GI2/1/0
283,FRANKFURT I,FFT-T1A-FNM-HCR01,TE_1/1/1,AM-T1A-HRT03,TE_1/2/1
284,FRANKFURT I,FFT-T1A-FNM-HCR01,GE_3/1/8,IST2-T1A-HRT01,GE_1/8/3
285,FRANKFURT I,FFT-T1A-FNM-HCR01,TE_4/1/4,FFT-T1A-FNMX-HCR02,TE_1/1/13
286,FRANKFURT I,FFT-T1A-FNM-HCR01,GE_2/1/1,ZU-T1A-RT01,GI2/1/1
287,FRANKFURT I,FFT-T1A-FNMX-HCR02,TE_5/1/13,FFT-T1A-FNM-HCR01,TE_2/2/2
288,FRANKFURT I,FFT-T1A-FNMX-HCR02,TE_1/1/13,FFT-T1A-FNM-HCR01,TE_4/1/4
289,FRANKFURT I,FFT-T1A-FNMX-HCR02,TE_1/2/1,FFT-T1A-FNM-HPE01,TE_5/1/14
290,FRANKFURT I,FFT-T1A-FNMX-HCR02,TE_5/1/14,FFT-T1A-HPE02,TE_3/1/14
291,FRANKFURT I,FFT-T1A-FNMX-HCR02,GE_5/1/4,FFT-T1A-RT07-ASBR,GI1/0/0
292,FRANKFURT I,FFT-T1A-FNMX-HCR02,GE_5/1/5,FFT-T1A-RT07-ASBR,GI1/0/2
293,FRANKFURT I,FFT-T1A-FNMX-HCR02,TE_1/1/14,PAR-T1A-P96X-HCR01,TE_1/1/14
294,FRANKFURT I,FFT-T1A-FNMX-HCR02,TE_3/1/1,PAR-T1A-P96X-HCR01,TE_1/2/1
295,FRANKFURT I,FFT-T1A-FNMX-HCR02,GE_1/1/5,IST2-T1A-HRT01,GE_1/8/2
296,FRANKFURT I,FFT-T1A-FNMX-HCR02,TE_1/2/4,MUN-T1A-MU1X-HRT01,TE_1/1/13
297,FRANKFURT I,FFT-T1A-FNMX-HCR02,GE_1/1/6,STO-T1A-STKX-HRT02,GE_1/1/13
298,FRANKFURT I,FFT-T1A-FNMX-HCR02,GE_5/1/7,WA-T1A-WZNX-HPE01,GE_1/11/4
299,FRANKFURT I,FFT-T1A-FNMX-HCR02,TE_3/1/4,FFT2-T1A-FEQ-RT02,TE8/1
300,FRANKFURT I,FFT-T1A-FNM-HPE01,TE_5/1/14,FFT-T1A-FNMX-HCR02,TE_1/2/1
301,FRANKFURT I,FFT-T1A-FNM-HPE01,TE_2/1/13,FFT-T1A-FNM-HCR01,TE_3/1/14
302,FRANKFURT I,FFT-T1A-HPE02,TE_5/1/13,FFT-T1A-FNM-HCR01,TE_2/1/14
303,FRANKFURT I,FFT-T1A-HPE02,TE_3/1/14,FFT-T1A-FNMX-HCR02,TE_5/1/14
304,FRANKFURT II,FFT2-T1A-FEQ-RT01,GI2/1/4,FFT2-T1A-FEQX-HRT01,GE_1/1/1
305,FRANKFURT II,FFT2-T1A-FEQ-RT01,GI3/0/1,FFT2-T1A-FEQ-RT02,GI3/0/1
306,FRANKFURT II,FFT2-T1A-FEQ-RT01,GI3/0/0,FFT2-T1A-FEQ-RT02,GI3/0/0
307,FRANKFURT II,FFT2-T1A-FEQ-RT02,TE8/1,FFT-T1A-FNMX-HCR02,TE_3/1/4
308,FRANKFURT II,FFT2-T1A-FEQ-RT02,GI7/2,FFT2-T1A-FEQX-HRT01,GE_5/1/2
309,FRANKFURT II,FFT2-T1A-FEQ-RT02,GI7/1,FFT2-T1A-FEQX-HRT01,GE_5/1/1
310,FRANKFURT II,FFT2-T1A-FEQ-RT02,TE4/2,FFT2-T1A-FEQX-HRT01,TE_1/1/13
311,FRANKFURT II,FFT2-T1A-FEQ-RT02,TE4/1,MUN-T1A-MU1X-HRT01,TE_5/1/13
312,FRANKFURT II,FFT2-T1A-FEQ-RT02,GI3/0/1,FFT2-T1A-FEQ-RT01,GI3/0/1
313,FRANKFURT II,FFT2-T1A-FEQ-RT02,GI3/0/0,FFT2-T1A-FEQ-RT01,GI3/0/0
314,FRANKFURT II,FFT2-T1A-FEQ-RT02,GI2/1/3,WA-T1A-WZNX-HPE02,GE_1/9/3
315,FRANKFURT II,FFT2-T1A-FEQX-HRT01,GE_1/1/1,FFT2-T1A-FEQ-RT01,GI2/1/4
316,FRANKFURT II,FFT2-T1A-FEQX-HRT01,GE_5/1/1,FFT2-T1A-FEQ-RT02,GI7/1
317,FRANKFURT II,FFT2-T1A-FEQX-HRT01,GE_5/1/2,FFT2-T1A-FEQ-RT02,GI7/2
318,FRANKFURT II,FFT2-T1A-FEQX-HRT01,TE_5/1/13,FFT3-T1A-FR1X-HRT01,TE_5/1/13
319,FRANKFURT II,FFT2-T1A-FEQX-HRT01,TE_1/1/13,FFT2-T1A-FEQ-RT02,TE4/2
320,FRANKFURT II,FFT2-T1A-FEQX-HRT01,GE_1/1/2,BUD-T1A-RT02,GI/0/3
321,FRANKFURT II,FFT2-T1A-FEQX-HRT01,TE_2/1/13,PAR-T1A-CR02,TE7/1
322,PARIS I,PAR-T1A-RT01,GI1/1/1,PAR-T1A-CR02,GI4/1/0
323,PARIS I,PAR-T1A-RT01,GI1/1/0,PAR-T1A-P96X-HCR01,GE_5/2/12
324,PARIS I,PAR-T1A-RT01,GI2/2/1,PAR-T1A-CR02,GI4/1/3
325,PARIS I,PAR-T1A-RT01,GI2/2/0,PAR-T1A-P96X-HCR01,GE_1/1/1
326,LONDON,LN-T1A-HCR01,TE_4/1/1,HEL2-T1A-HRT01,TE_2/1/13
327,LONDON,LN-T1A-HCR01,TE_2/1/14,LN-T1A-L78X-HCR02,TE_5/2/1
328,LONDON,LN-T1A-HCR01,TE_3/1/14,PAR-T1A-P96X-HCR01,TE_5/2/14
329,LONDON,LN-T1A-HCR01,STM16_5/1/2,DU-T1A-RT01,POS9/2/0
330,LONDON,LN-T1A-HCR01,GE_3/1/4,CAP-T1A-RT02,GIGABITETHERNET0/3
331,LONDON,LN-T1A-HCR01,GE_2/1/7,ABI-T1A-V38X-HRT01,GE_1/3/1
332,LONDON,LN-T1A-HCR01,STM4_4/2/2,MOS-T1A-RT01,POS2/2/0
333,LONDON,LN-T1A-HCR01,GE_3/1/6,LN-T1A-L78X-HRV01,GE_1/1/1
334,LONDON,LN-T1A-HCR01,STM1_4/2/3,LAG-T1A-RT01,POS1/1/0
335,LONDON,LN-T1A-HCR01,TE_1/2/2,CRX-T1A-HW1X-HRT01,TE_5/1/14
336,LONDON,LN-T1A-HCR01,TE_1/2/1,LN2-T1A-LDNX-HRT02,TE_1/1/13
337,LONDON,LN-T1A-HCR01,GE_3/1/1,LN-T1A-RT04-PE,GIGABITETHERNET9/0/1
338,LONDON,LN-T1A-HCR01,GE_3/1/2,LN-T1A-RT04-PE,GIGABITETHERNET7/0/2
339,LONDON,LN-T1A-HCR01,GE_2/1/5,LN-T1A-RT02,GIGABITETHERNET0/1
340,LONDON,LN-T1A-HCR01,TE_4/1/3,PAR-T1A-P96X-HCR01,TE_2/2/1
341,LONDON,LN-T1A-HCR01,GE_2/1/11,MU-ME01-HCR01,GE_8/2/4
342,LONDON,LN-T1A-HCR01,GE_3/1/10,MU-ME01-HCR01,GE_8/2/3
343,LONDON,LN-T1A-HCR01,GE_3/1/11,MU-ME01-HCR01,GE_8/2/8
344,LONDON,LN-T1A-HCR01,TE_2/1/13,LN-T1A-L78X-HPE01,TE_1/1/13
345,LONDON,LN-T1A-HCR01,TE_4/1/4,MU-ME01-HCR01,TE_2/1/3
346,LONDON,LN-T1A-HCR01,TE_1/2/3,MA-T1A-WV6X-HRT01,TE_1/1/14
347,LONDON,LN-T1A-HCR01,STM4_4/2/16,CAP-T1A-EAGX-HRT01,STM4_3/2/9
348,LONDON,LN-T1A-HCR01,GE_2/1/8,MAN-T1A-UKUX-HRT01,GE_5/1/2
349,LONDON,LN-T1A-HCR01,GE_3/1/8,DJI-T1A-YPQX-HRT01,GE_1/1/17
350,LONDON,LN-T1A-HCR01,TE-4/1/2,LN-T1A-L78X-HCR02,P2/2/4
351,LONDON,LN-T1A-HCR01,STM1_4/2/15,CAI-T1A-WE7X-HRT01,STM1_1/6/1
352,PARIS I,PAR-T1A-RT01,GI1/1/1,PAR-T1A-CR02,GI4/1/0
353,PARIS I,PAR-T1A-RT01,GI1/1/0,PAR-T1A-P96X-HCR01,GE_5/2/12
354,PARIS I,PAR-T1A-RT01,GI2/2/1,PAR-T1A-CR02,GI4/1/3
355,PARIS I,PAR-T1A-RT01,GI2/2/0,PAR-T1A-P96X-HCR01,GE_1/1/1
356,PARIS I,PAR-T1A-RT03,GI7/0/0,PAR-T1A-P96X-HCR02,GE_1/1/2
357,PARIS I,PAR-T1A-RT03,GI2/1/3,PAR-T1A-P96X-HCR02,GE_1/1/1
358,PARIS I,PAR-T1A-RT03,GI3/0/3,PAR-T1A-P96X-HCR01,GE_5/2/2
359,PARIS I,PAR-T1A-RT03,GI2/0/0,PAR-T1A-P96X-HCR01,GE_5/2/1
360,PARIS I,PAR-T1A-RT03,GI2/0/1,PAR-T1A-CR02,GI4/1/4
361,PARIS I,PAR-T1A-RT03,GI3/1/0,PAR-T1A-CR02,GI4/1/2
362,PARIS I,PAR-T1A-CR02,TE2/2,PAR-T1A-P96X-HCR01,TE_1/2/3
363,PARIS I,PAR-T1A-CR02,GI4/1/4,PAR-T1A-RT03,GI2/0/1
364,PARIS I,PAR-T1A-CR02,GI4/1/2,PAR-T1A-RT03,GI3/1/0
365,PARIS I,PAR-T1A-CR02,GI4/1/3,PAR-T1A-RT01,GI2/2/1
366,PARIS I,PAR-T1A-CR02,GI4/1/0,PAR-T1A-RT01,GI1/1/1
367,PARIS I,PAR-T1A-CR02,TE9/2,PAR-T1A-P96X-HCR01,TE_1/1/13
368,PARIS I,PAR-T1A-CR02,TE3/2,PAR-T1A-PV0X-HPE01,TE_5/1/13
369,PARIS I,PAR-T1A-PV0X-HPE01,TE_2/1/4,PAR-T1A-P96X-HCR02,TE_3/1/1
370,PARIS I,PAR-T1A-PV0X-HPE01,TE_5/1/13,PAR-T1A-CR02,TE3/2
371,PARIS I,PAR-T1A-PV0X-HPE01,GE_2/2/20,MA-T1A-WV6X-HRT01,GE_3/2/20
372,PARIS I,PAR-T1A-PV0X-HPE01,TE_1/1/14,PAR-T1A-P96X-HCR01,TE_2/2/3
373,PARIS I,PAR-T1A-P96X-HCR01,TE_1/1/13,PAR-T1A-CR02,TE9/2
374,PARIS I,PAR-T1A-P96X-HCR01,TE_5/2/13,PAR2-T1A-PVUX-HRT02,TE_1/2/1
375,PARIS I,PAR-T1A-P96X-HCR01,TE_1/1/14,FFT-T1A-FNMX-HCR02,TE_1/1/14
376,PARIS I,PAR-T1A-P96X-HCR01,GE_5/2/2,PAR-T1A-RT03,GI3/0/3
377,PARIS I,PAR-T1A-P96X-HCR01,GE_1/1/1,PAR-T1A-RT01,GI2/2/0
378,PARIS I,PAR-T1A-P96X-HCR01,GE_5/2/1,PAR-T1A-RT03,GI2/0/0
379,PARIS I,PAR-T1A-P96X-HCR01,GE_5/2/12,PAR-T1A-RT01,GI1/1/0
380,PARIS I,PAR-T1A-P96X-HCR01,TE_1/2/1,FFT-T1A-FNMX-HCR02,TE_3/1/1
381,PARIS I,PAR-T1A-P96X-HCR01,GE_1/1/4,PAR2-T1A-RT01,GI3/0/3
382,PARIS I,PAR-T1A-P96X-HCR01,STM1_5/1/1,MA-T1A-WV6X-HRT01,STM1_3/1/1
383,PARIS I,PAR-T1A-P96X-HCR01,GE_5/2/3,GEN-T1A-GVSX-HRT01,GE_5/1/2
384,PARIS I,PAR-T1A-P96X-HCR01,TE_2/2/1,LN-T1A-HCR01,TE_4/1/3
385,PARIS I,PAR-T1A-P96X-HCR01,TE_5/2/14,LN-T1A-HCR02,TE_3/1/14
386,PARIS I,PAR-T1A-P96X-HCR01,TE_2/2/3,PAR-T1A-PV0X-HPE01,TE_1/1/14
387,PARIS I,PAR-T1A-P96X-HCR01,GE_1/1/5,MIL-T1A-RT02,GI2/2/2
388,PARIS I,PAR-T1A-P96X-HCR01,TE_2/2/2,PAR-T1A-P96X-HCR02,TE_1/1/14
389,PARIS I,PAR-T1A-P96X-HCR01,GE_5/1/15,DUR-T1A-EAOX-HRT01,GE_2/2/9
390,PARIS I,PAR-T1A-P96X-HCR01,GE_5/2/8,LSB-T1A-PV9X-HRT01,GE_1/6/1
391,PARIS I,PAR-T1A-P96X-HCR01,TE_1/2/2,AM-T1A-HRT03,TE_1/2/2
392,PARIS I,PAR-T1A-P96X-HCR01,TE_1/2/4,PAR-T1A-P96X-HCR02,TE_3/2/2
393,PARIS I,PAR-T1A-P96X-HCR01,TE_1/2/3,PAR-T1A-CR02,TE2/2
394,PARIS I,PAR-T1A-P96X-HCR02,GE_1/1/1,PAR-T1A-RT03,GI2/1/3
395,PARIS I,PAR-T1A-P96X-HCR02,GE_1/1/2,PAR-T1A-RT03,GI7/0/0
396,PARIS I,PAR-T1A-P96X-HCR02,TE_3/1/1,PAR-T1A-PV0X-HPE01,TE_2/1/4
397,PARIS I,PAR-T1A-P96X-HCR02,TE_3/1/2,PAR2-T1A-RT01,TE4/1
398,PARIS I,PAR-T1A-P96X-HCR02,TE_3/1/3,LN2-T1A-LDNX-HRT01,TE_4/2/13
399,PARIS I,PAR-T1A-P96X-HCR02,TE_1/1/14,PAR-T1A-P96X-HCR01,TE_2/2/2
400,PARIS I,PAR-T1A-P96X-HCR02,TE_3/2/2,PAR-T1A-P96X-HCR01,TE_1/2/4
401,PARIS I,PAR-T1A-P96X-HCR02,LAG_50,MU-ME01-HCR01,LAG_50
402,PARIS I,PAR-T1A-P96X-HCR02,STM16_5/2/1,DU-T1A-RT03,POS9/2/0
403,PARIS I,PAR-T1A-P96X-HCR02,GE_1/1/7,BRU-T1A-RT01,GI2/0/0
404,PARIS I,PAR-T1A-P96X-HCR02,TE_3/2/1,AM-T1A-HRT03,TE_2/1/13
405,PARIS I,PAR-T1A-P96X-HCR02,TE_5/1/1,FFT2-T1A-FEQX-HRT01,TE_2/1/13
406,PARIS I,PAR-T1A-P96X-HCR02,TE_1/1/13,NY-T1A-N99X-HCR01,TE_1/1/13
407,PARIS I,PAR-T1A-P96X-HCR02,TE_5/1/4,SI2-T1A-SVQX-HCR02,TE_5/2/2
408,PARIS I,PAR-T1A-P96X-HCR02,TE_3/2/4,NY-T1A-N99X-HCR01,TE_2/2/4
0,BAHRAIN,BAH-T1A-HRT01,P1/12/2,DOH-T1A-RT01,POS0/1/0
1,BAHRAIN,BAH-T1A-HRT01,P1/11/1,RYD-T1A-RT01,POS3/1/0
2,DOHA-I,DOH-T1A-RT01,POS0/1/0,BAH-T1A-HRT01,P1/12/2
3,DOHA-I,DOH-T1A-RT01,GI0/0/2,RYD-T1A-RT01,GI4/0/2
4,DOHA-I,DOH-T1A-RT01,POS0/2/0,DOH2-T1A-UN4X-HRT01,P1/2/9
5,DOHA-II,DOH2-T1A-UN4X-HRT01,P1/2/9,DOH-T1A-RT01,POS0/2/0
6,DOHA-II,DOH2-T1A-UN4X-HRT01,P5/2/9,FUJ-T1A-HRT01,P5/1/9
7,FUJAIRAH,FUJ-T1A-HRT01,P5/1/1,RYD-T1A-RT01,POS3/1/1
8,FUJAIRAH,FUJ-T1A-HRT01,P4/1/3,MU-ME01-HCR01,P10/2/16
9,FUJAIRAH,FUJ-T1A-HRT01,P5/1/11,DU-T1A-RT01,POS9/0/0
10,FUJAIRAH,FUJ-T1A-HRT01,P2/1/3,NAI2-T1A-HRT01,P1/8/5
11,FUJAIRAH,FUJ-T1A-HRT01,P5/1/9,DOH2-T1A-UN4X-HRT01,P5/2/9
12,FUJAIRAH,FUJ-T1A-HRT01,P2/1/5,DJI-T1A-YPQX-HRT01,P2/1/17
13,FUJAIRAH,FUJ-T1A-HRT01,P4/1/15,KAR-T1A-RT01,POS0/3/1
14,FUJAIRAH,FUJ-T1A-HRT01,P5/1/7,MUS-T1A-OB6X-HRT01,P1/10/1
15,RIYADH,RYD-T1A-RT01,GI3/0/1,MU-ME01-HCR01,P8/1/19
16,RIYADH,RYD-T1A-RT01,POS3/1/1,FUJ-T1A-HRT01,P5/1/1
17,RIYADH,RYD-T1A-RT01,POS3/1/0,BAH-T1A-HRT01,P1/11/1
18,RIYADH,RYD-T1A-RT01,GI4/0/2,DOH-T1A-RT01,GI0/0/2
19,MUSCAT,MUS-T1A-OB6X-HRT01,P1/5/2,MU-ME01-HABR01,P10/1/3
20,MUSCAT,MUS-T1A-OB6X-HRT01,P1/10/1,FUJ-T1A-HRT01,P5/1/7
21,DUBAI,DU-T1A-RT01,GI9/3/1,DU-T1A-RT03,GI9/3/1
22,DUBAI,DU-T1A-RT01,GI40/0/0,DU-T1A-RT03,GI4/0/0
23,DUBAI,DU-T1A-RT01,POS9/0/0,FUJ-T1A-HRT01,P5/1/11
24,DUBAI,DU-T1A-RT01,POS9/2/0,LN-T1A-HCR01,P5/1/2
25,DUBAI,DU-T1A-RT03,GI9/3/1,DU-T1A-RT01,GI9/3/1
26,DUBAI,DU-T1A-RT03,GI4/0/0,DU-T1A-RT01,GI40/0/0
27,DUBAI,DU-T1A-RT03,POS9/2/0,PAR-T1A-P96X-HCR02,P5/2/1
28,DUBAI,DU-T1A-RT03,POS9/1/0,MU-ME01-HCR02,P2/2/10
0,CAPETOWN,CAP-T1A-RT01,GIGABITETHERNET0/1,CAP-T1A-RT02,GIGABITETHERNET0/1
1,CAPETOWN,CAP-T1A-RT01,GIGABITETHERNET0/3,CAP-T1A-EAGX-HRT01,GE_1/1/4
2,CAPETOWN,CAP-T1A-RT01,GIGABITETHERNET0/1,CAP-T1A-RT01,GIGABITETHERNET0/1
3,CAPETOWN,CAP-T1A-RT01,GIGABITETHERNET0/3,LN-T1A-HCR01,GE_3/1/4
4,CAPETOWN,CAP-T1A-EAGX-HRT01,GE_1/1/4,CAP-T1A-RT01,GIGABITETHERNET0/3
5,CAPETOWN,CAP-T1A-EAGX-HRT01,GE_1/1/1,JOB-T1A-EOPX-HRT01,GE_5/1/1
6,CAPETOWN,CAP-T1A-EAGX-HRT01,GE_1/1/2,CAP-T1A-EAGX-HRT02,GE_1/1/2
7,CAPETOWN,CAP-T1A-EAGX-HRT01,GE_5/1/2,CAP-T1A-EAGX-HRT02,GE_5/1/2
8,CAPETOWN,CAP-T1A-EAGX-HRT01,STM4_3/2/9,LN-T1A-HCR01,STM4_4/2/16
9,CAPETOWN,CAP-T1A-EAGX-HRT01,GE_5/1/6,CAP-T1A-ACPTA-ACN-RT01,GIGABITETHERNET0/0/0
10,CAPETOWN,CAP-T1A-EAGX-HRT02,GE_1/1/2,CAP-T1A-EAGX-HRT01,GE_1/1/2
11,CAPETOWN,CAP-T1A-EAGX-HRT02,GE_5/1/1,DUR-T1A-EAOX-HRT01,GE_5/1/1
12,CAPETOWN,CAP-T1A-EAGX-HRT02,GE_5/1/2,CAP-T1A-EAGX-HRT01,GE_5/1/2
13,JOHANNESBURG,JO-T1A-RT01,POS3/2/1,DAR-T1A-HRT01,STM1_1/12/1
14,JOHANNESBURG,JO-T1A-RT01,GIGABITETHERNET7/0/4,JOB-T1A-EOPX-HRT01,GE_5/1/4
15,JOHANNESBURG,JO-T1A-RT01,GIGABITETHERNET7/0/3,MAP-T1A-1Z9X-HRT01,GE_1/3/1
16,JOHANNESBURG,JO-T1A-RT01,GIGABITETHERNET7/0/1,HAR-T1A-HRT01,GE_1/7/2
17,JOHANNESBURG,JO-T1A-RT01,POS3/2/0,MAU-T1A-RT01,POS1/1/0
18,JOHANNESBURG,JO-T1A-RT01,GIGABITETHERNET3/0/0,LN-T1A-L78X-HCR02,GE_5/1/11
19,JOHANNESBURG,JOB-T1A-EOPX-HRT01,GE_5/1/4,JO-T1A-RT01,GIGABITETHERNET7/0/4
20,JOHANNESBURG,JOB-T1A-EOPX-HRT01,GE_1/1/1,JOB2-T1A-JHBX-HRT01,GE_5/1/1
21,JOHANNESBURG,JOB-T1A-EOPX-HRT01,GE_5/1/1,CAP-T1A-EAGX-HRT01,GE_1/1/1
22,JOHANNESBURG,JOB-T1A-EOPX-HRT01,GE_5/1/6,JO-T1A-AJNBA-ACN-RT01,GIGABITETHERNET0/0/0
23,JOHANNESBURG,JOB-T1A-EOPX-HRT01,GE_1/1/2,MU-ME01-HCR02,GE_8/2/8
24,JOHANNESBURG,JOB-T1A-EOPX-HRT01,GE_5/1/1,JOB-T1A-EOPX-HRT01,GE_1/1/1
25,JOHANNESBURG,JOB-T1A-EOPX-HRT01,GE_1/1/1,DUR-T1A-EAOX-HRT01,GE_1/1/1
26,JOHANNESBURG,JOB-T1A-EOPX-HRT01,GE_5/1/6,JO-T1A-AJNBA-ACN-RT02,GIGABITETHERNET0/0/0
27,DURBAN,DUR-T1A-EAOX-HRT01,GE_5/1/1,CAP-T1A-EAGX-HRT02,GE_5/1/1
28,DURBAN,DUR-T1A-EAOX-HRT01,GE_1/1/1,JOB2-T1A-JHBX-HRT01,GE_1/1/1
29,DURBAN,DUR-T1A-EAOX-HRT01,GE_2/2/9,PAR-T1A-P96X-HCR01,GE_5/1/15
30,DURBAN,DUR-T1A-EAOX-HRT01,GE_5/1/6,CAP-T1A-ACPTA-ACN-RT02,GIGABITETHERNET0/0/0
31,DAR-ES-SALAM,DAR-T1A-HRT01,GE_1/7/2,KAM-T1A-HRT01,GE_1/1/2
32,DAR-ES-SALAM,DAR-T1A-HRT01,STM1_1/12/1,JO-T1A-RT01,POS3/2/1
33,DAR-ES-SALAM,DAR-T1A-HRT01,STM1_1/11/1,MU-ME01-HCR02,STM1_2/2/4
34,ACCRA,GH-T1A-RT01,POS1/3/1,LN-T1A-L78X-HCR02,STM1_1/2/1
35,ACCRA,GH-T1A-RT01,POS0/3/0,LAG-T1A-RT01,POS0/1/2
36,ACCRA,GH-T1A-RT02,NO OSPF NEIGHBOR,NAN,NAN
37,HARARE,HAR-T1A-HRT01,GE_1/7/2,JO-T1A-RT01,GIGABITETHERNET7/0/1
38,HARARE,HAR-T1A-HRT01,GE_1/7/3,GAB-T1A-7B6X-HRT01,GE_1/7/3
39,KAMPALA,KAM-T1A-HRT01,GE_1/1/2,DAR-T1A-HRT01,GE_1/7/2
40,KAMPALA,KAM-T1A-HRT01,GE_1/1/3,NAI2-T1A-HRT01,GE_1/8/4
41,LAGOS,LAG-T1A-RT01,POS0/1/2,GH-T1A-RT01,PO0/3/0
42,LAGOS,LAG-T1A-RT01,POS1/1/0,LN-T1A-HCR01,STM1_4/2/3
43,LUSAKA,LUS-T1A-HRT01,NAN,NAN,NAN
44,NAIROBI,NAI-T1A-RT01,GIGABITETHERNET4/0/2,NAI2-T1A-HRT01,GE_1/7/4
45,NAIROBI,NAI-T1A-RT01,GIGABITETHERNET3/0/0,LN-T1A-L78X-HCR02,GE_5/1/4
46,NAIROBI,NAI-T1A-RT01,GIGABITETHERNET4/0/0,MU-ME01-HCR01,1/2/12
47,NAIROBI 2,NAI2-T1A-HRT01,GE_1/7/4,NAI-T1A-RT01,GIGABITETHERNET4/0/2
48,NAIROBI 2,NAI2-T1A-HRT01,GE_1/8/4,KAM-T1A-HRT01,GE_1/1/3
49,NAIROBI 2,NAI2-T1A-HRT01,STM1_1/12/1,MU-ME01-HCR01,STM1_10/2/4
50,NAIROBI 5,NAI2-T1A-HRT01,GE_1/8/5,FUJ-T1A-HRT01,GE_2/1/3
51,WINDHOEK,NAM-T1A-XTNX-HRT01,GE_1/10/1,JOB2-T1A-JHBX-HRT01,GE_5/1/4
52,LUANDA,LUA-T1A-7B5X-HRT01,GE_1/9/4,LUA-T1A-ALADA-ACN-RT02,GIGABITETHERNET0/0/0
53,LUANDA,LUA-T1A-7B5X-HRT01,GE_1/7/5,LN2-T1A-LDNX-HRT01,GE_4/1/6
54,LUANDA,LUA-T1A-7B5X-HRT01,GE_1/10/1,LN2-T1A-LDNX-HRT02,GE_1/1/1
55,LUANDA,LUA-T1A-7B5X-HRT01,GE_1/9/5,LUA-T1A-ALADA-ACN-RT01,GIGABITETHERNET0/0/0
56,GABORONE,GAB-T1A-7B6X-HRT01,GE_1/7/3,HAR-T1A-HRT01,GE_1/7/3
57,GABORONE,GAB-T1A-7B6X-HRT01,GE_1/3/1,JOB-T1A-EOPX-HRT01,GE_2/2/1
58,MAPUTO,MAP-T1A-1Z9X-HRT01,GE_1/3/1,JO-T1A-RT01,GIGABITETHERNET7/0/3
59,MAPUTO,MAP-T1A-1Z9X-HRT01,GE_1/7/3,JOB2-T1A-JHBX-HRT01,GE_1/1/4
60,ABIDJAN,ABI-T1A-V38X-HRT01,GE_1/3/1,LN-T1A-HCR01,GE_2/1/7
61,CAIRO,CAI-T1A-WE7X-HRT01,STM1_1/6/1,LN-T1A-HCR01,STM1_4/2/15
62,CAIRO,CAI-T1A-WE7X-HRT01,STM1_1/10/1,MU-ME01-HCR02,STM1_2/2/2
63,DJIBOUTI,DJI-T1A-YPQX-HRT01,GE_1/1/17,LN-T1A-HCR01,GE_3/1/8
64,DJIBOUTI,DJI-T1A-YPQX-HRT01,GE_2/1/17,FUJ-T1A-HRT01,GE_2/1/5
65,JOHANNESBURG II,JOB2-T1A-JHBX-HRT01,GE_1/1/1,DUR-T1A-EAOX-HRT01,GE_1/1/1
66,JOHANNESBURG II,JOB2-T1A-JHBX-HRT01,GE_5/1/1,JOB-T1A-EOPX-HRT01,GE_1/1/1
67,JOHANNESBURG II,JOB2-T1A-JHBX-HRT01,GE_5/1/6,JO-T1A-AJNBA-ACN-RT02,GIGABITETHERNET0/0/0
68,JOHANNESBURG II,JOB2-T1A-JHBX-HRT01,GE_1/1/4,MAP-T1A-1Z9X-HRT01,GE_1/7/3
69,JOHANNESBURG II,JOB2-T1A-JHBX-HRT01,GE_5/1/4,NAM-T1A-XTNX-HRT01,GE_1/10/1
0,AUCKLAND,AUK-T1A-RT01,GI1/0/2,SY2-T1A-0PPX-HRT01,GE_5/1/4
1,AUCKLAND,AUK-T1A-RT01,GIGABITETHERNET0/0/2,SY-T1A-RT03,GIGABITETHERNET3/1/3
2,DHAKA,DHA-T1A-RT01,GIGABITETHERNET1/0/1,SI2-T1A-SVQX-HCR01,GE_1/1/6
3,DHAKA,DHA-T1A-RT01,SERIAL0/1/1,KK-ME01-HCR01,DS3_3/1/9
4,EMI,EMI-T1A-CR01,TENGIGABITETHERNET4/2,SI2-T1A-SVQX-HCR01,TE_5/2/2
5,EMI,EMI-T1A-CR01,TENGIGABITETHERNET9/1,HK2-T1A-KTHX-HRT02,P 3/1/14
6,EMI,EMI-T1A-CR01,TENGIGABITETHERNET9/2,LA-T1A-27GX-HPE01,TE_2/2/1
7,EMI,EMI-T1A-CR01,POS1/1/0,TK2-T1A-RT01,POS1/1/1
8,EMI,EMI-T1A-CR01,TENGIGABITETHERNET7/1,TK-T1A-CR02,TENGIGABITETHERNET7/1
9,HONGKONG,HK-T1A-CR02,TENGIGABITETHERNET9/1,SI-T1A-SVWX-HCR02,TE_2/1/4
10,HONGKONG,HK-T1A-CR02,GIGABITETHERNET7/0/3,HK-T1A-RT07-NNI,GIGABITETHERNET0/1
11,HONGKONG,HK-T1A-CR02,TENGIGABITETHERNET2/1,HK-T1A-H99X-HPE01,TE_1/1/13
12,HONGKONG,HK-T1A-CR02,TENGIGABITETHERNET3/1,HK-T1A-H99X-HCR01,TE_1/1/13
13,HONGKONG,HK-T1A-CR02,TENGIGABITETHERNET2/2,HK-T1A-H99X-HCR01,TE_5/1/14
14,HONGKONG,HK-T1A-CR02,GIGABITETHERNET1/0/2,HK-T1A-RT01,GIGABITETHERNET2/1/2
15,HONGKONG,HK-T1A-CR02,GIGABITETHERNET7/0/4,HK-T1A-RT01,GIGABITETHERNET9/0/1
16,HONGKONG,HK-T1A-CR02,GIGABITETHERNET1/0/3,HK-T1A-RT02-PE,GIGABITETHERNET4/0/0
17,HONGKONG,HK-T1A-CR02,GIGABITETHERNET1/0/1,HK-T1A-RT08-PE,GIGABITETHERNET1/0/1
18,HONGKONG,HK-T1A-CR02,GIGABITETHERNET7/0/2,HK-T1A-RT08-PE,GIGABITETHERNET1/0/2
19,HONGKONG,HK-T1A-CR02,GIGABITETHERNET1/0/0,HK-T1A-RT09-ASBR,GIGABITETHERNET1/0/0
20,HONGKONG,HK-T1A-RT01,GIGABITETHERNET9/0/4,HK-T1A-H99X-HCR01,GE_1/1/2
21,HONGKONG,HK-T1A-RT01,GIGABITETHERNET9/0/3,HK-T1A-H99X-HCR01,GE_1/1/1
22,HONGKONG,HK-T1A-RT01,GIGABITETHERNET8/1,HK-T1A-RT03,GIGABITETHERNET0/1
23,HONGKONG,HK-T1A-RT01,GIGABITETHERNET9/0/1,HK-T1A-CR02,GIGABITETHERNET7/0/4
24,HONGKONG,HK-T1A-RT01,GIGABITETHERNET2/1/2,HK-T1A-CR02,GIGABITETHERNET1/0/2
25,HONGKONG,HK-T1A-RT02-PE,GIGABITETHERNET4/0/2,HK-T1A-H99X-HCR01,GE_5/1/4
26,HONGKONG,HK-T1A-RT02-PE,GIGABITETHERNET4/0/0,HK-T1A-CR02,GIGABITETHERNET1/0/3
27,HONGKONG,HK-T1A-RT02-PE,GIGABITETHERNET4/0/3,HK-T1A-RT08-PE,GIGABITETHERNET2/0/0
28,HONGKONG,HK-T1A-RT03,GIGABITETHERNET0/1,HK-T1A-RT01,GIGABITETHERNET8/1
29,HONGKONG,HK-T1A-RT07-NNI,GIGABITETHERNET0/1,HK-T1A-CR02,GIGABITETHERNET7/0/3
30,HONGKONG,HK-T1A-RT07-NNI,GIGABITETHERNET0/3,HK-T1A-H99X-HCR01,GE_1/1/5
31,HONGKONG,HK-T1A-RT08-PE,GIGABITETHERNET4/5,HK-T1A-H99X-HPE02,GE_1/1/8
32,HONGKONG,HK-T1A-RT08-PE,GIGABITETHERNET4/6,HK-T1A-H99X-HPE02,GE_1/1/7
33,HONGKONG,HK-T1A-RT08-PE,GIGABITETHERNET3/0/4,HK-T1A-H99X-HCR01,GE_5/1/2
34,HONGKONG,HK-T1A-RT08-PE,GIGABITETHERNET3/0/3,HK-T1A-H99X-HCR01,GE_5/1/1
35,HONGKONG,HK-T1A-RT08-PE,GIGABITETHERNET1/0/2,HK-T1A-CR02,GIGABITETHERNET7/0/2
36,HONGKONG,HK-T1A-RT08-PE,GIGABITETHERNET1/0/1,HK-T1A-CR02,GIGABITETHERNET1/0/1
37,HONGKONG,HK-T1A-RT08-PE,GIGABITETHERNET2/0/0,HK-T1A-RT02-PE,GIGABITETHERNET4/0/3
38,HONGKONG,HK-T1A-RT09-ASBR,GIGABITETHERNET0/1/2,HK-T1A-H99X-HCR01,GE_1/1/4
39,HONGKONG,HK-T1A-RT09-ASBR,GIGABITETHERNET0/1/1,HK-T1A-H99X-HCR01,GE_1/1/3
40,HONGKONG,HK-T1A-RT09-ASBR,GIGABITETHERNET1/0/1,HK-T1A-CR02,GIGABITETHERNET7/0/0
41,HONGKONG,HK-T1A-RT09-ASBR,GIGABITETHERNET1/0/0,HK-T1A-CR02,GIGABITETHERNET1/0/0
42,HONGKONG,HK-T1A-H99X-HCR01,TE_5/1/14,HK-T1A-CR02,TENGIGABITETHERNET2/2
43,HONGKONG,HK-T1A-H99X-HCR01,TE_1/1/13,HK-T1A-CR02,TENGIGABITETHERNET3/1
44,HONGKONG,HK-T1A-H99X-HCR01,GE_1/1/2,HK-T1A-RT01,GIGABITETHERNET9/0/4
45,HONGKONG,HK-T1A-H99X-HCR01,GE_1/1/1,HK-T1A-RT01,GIGABITETHERNET9/0/3
46,HONGKONG,HK-T1A-H99X-HCR01,GE_5/1/4,HK-T1A-RT02-PE,GIGABITETHERNET4/0/2
47,HONGKONG,HK-T1A-H99X-HCR01,GE_1/1/5,HK-T1A-RT07-NNI,GIGABITETHERNET0/3
48,HONGKONG,HK-T1A-H99X-HCR01,GE_5/1/2,HK-T1A-RT08-PE,GIGABITETHERNET3/0/4
49,HONGKONG,HK-T1A-H99X-HCR01,GE_5/1/1,HK-T1A-RT08-PE,GIGABITETHERNET3/0/3
50,HONGKONG,HK-T1A-H99X-HCR01,GE_1/1/4,HK-T1A-RT09-ASBR,GIGABITETHERNET0/1/2
51,HONGKONG,HK-T1A-H99X-HCR01,GE_1/1/3,HK-T1A-RT09-ASBR,GIGABITETHERNET0/1/1
52,HONGKONG,HK-T1A-H99X-HCR01,GE_1/1/4,HK-T1A-RT09-ASBR,GIGABITETHERNET0/1/2
53,HONGKONG,HK-T1A-H99X-HPE01,TE_1/1/13,HK-T1A-CR02,TENGIGABITETHERNET2/1
54,HONGKONG,HK-T1A-H99X-HPE01,TE_10/1/13,HK-T1A-H99X-HCR01,TE_5/1/13
55,HONGKONG,HK-T1A-H99X-HPE02,TE_1/1/13,HK-T1A-H99X-HCR01,TE_4/1/4
56,HONGKONG,HK-T1A-H99X-HPE02,GE_1/1/7,HK-T1A-RT08-PE,GIGABITETHERNET4/6
57,HONGKONG,HK-T1A-H99X-HPE02,GE_1/1/8,HK-T1A-RT08-PE,GIGABITETHERNET4/5
58,HONGKONG,HK-T1A-H99X-HCR01,TE_3/1/2,TK-T1A-T0VX-HCR01,TE_2/1/2
59,HONGKONG,HK-T1A-H99X-HCR01,GE_5/1/3,VI2-T1A-YQLX-HRT01,GE_2/1/15
60,HONGKONG,HK-T1A-H99X-HCR01,P 5/2/10,TAI-T1A-RT01,POS2/0/0
61,HONGKONG,HK-T1A-H99X-HCR01,P-1/1/8,BNK2-T1A-C9VX-HRT01,GE_1/3/1
62,HONGKONG,HK-T1A-H99X-HCR01,3/1/4,MLA2-T1A-GX0X-HRT01,TE_5/1/13
63,HONGKONG,HK-T1A-H99X-HCR01,4/1/3,SEO2-T1A-OO7X-HRT01,TE_1/1/14
64,HONGKONG,HK-T1A-H99X-HCR01,TE_3/1/3,SEO3-T1A-OO8X-HRT01,TE_1/1/14
65,HONGKONG,HK-T1A-H99X-HCR01,TE_4/1/2,HK2-T1A-KTHX-HRT02,TE_1/1/14
66,HONGKONG II,HK2-T1A-RT01,GIGABITETHERNET3/0/1,HK2-T1A-RT02,GIGABITETHERNET3/0/1
67,HONGKONG II,HK2-T1A-RT01,GIGABITETHERNET3/0/0,HK2-T1A-RT02,GIGABITETHERNET3/0/0
68,HONGKONG II,HK2-T1A-RT01,TENGIGABITETHERNET8/2,HK2-T1A-KTHX-HRT01,TE_1/1/13
69,HONGKONG II,HK2-T1A-RT01,GIGABITETHERNET4/1/2,HK2-T1A-RT02,GIGABITETHERNET4/0/2
70,HONGKONG II,HK2-T1A-RT01,GIGABITETHERNET4/1/1,HK2-T1A-RT02,GIGABITETHERNET4/0/1
71,HONGKONG II,HK2-T1A-KTHX-HRT01,TE_1/1/13,HK2-T1A-RT01,TENGIGABITETHERNET8/2
72,HONGKONG II,HK2-T1A-KTHX-HRT01,TE_1/1/14,HK2-T1A-KTHX-HRT02,TE_1/1/13
73,HONGKONG II,HK2-T1A-KTHX-HRT01,TE_5/1/14,HK2-T1A-KTHX-HRT02,TE_3/1/13
74,HONGKONG II,HK2-T1A-KTHX-HRT01,TE_5/1/13,SI2-T1A-SVQX-HCR01,TE_5/2/3
75,HONGKONG II,HK2-T1A-RT02,GIGABITETHERNET3/0/1,HK2-T1A-RT01,GIGABITETHERNET3/0/1
76,HONGKONG II,HK2-T1A-RT02,GIGABITETHERNET3/0/0,HK2-T1A-RT01,GIGABITETHERNET3/0/0
77,HONGKONG II,HK2-T1A-RT02,GIGABITETHERNET4/0/2,HK2-T1A-RT01,GIGABITETHERNET4/1/2
78,HONGKONG II,HK2-T1A-RT02,GIGABITETHERNET4/0/1,HK2-T1A-RT01,GIGABITETHERNET4/1/1
79,HONGKONG II,HK2-T1A-RT02,GIGABITETHERNET4/0/4,HK2-T1A-KTHX-HRT02,GE_3/1/3
80,HONGKONG II,HK2-T1A-RT02,GIGABITETHERNET4/0/3,HK2-T1A-KTHX-HRT02,GE_1/1/3
81,HONGKONG II,HK2-T1A-KTHX-HRT02,TE_1/1/13,HK2-T1A-KTHX-HRT01,TE_1/1/14
82,HONGKONG II,HK2-T1A-KTHX-HRT02,TE_3/1/13,HK2-T1A-KTHX-HRT01,TE_5/1/14
83,HONGKONG II,HK2-T1A-KTHX-HRT02,GE_3/1/3,HK2-T1A-RT02,GIGABITETHERNET4/0/4
84,HONGKONG II,HK2-T1A-KTHX-HRT02,GE_1/1/3,HK2-T1A-RT02,GIGABITETHERNET4/0/3
85,HONGKONG II,HK2-T1A-KTHX-HRT02,TE_3/1/14,EMI-T1A-CR01,TENGIGABITETHERNET9/1
86,HONGKONG II,HK2-T1A-KTHX-HRT02,TE_1/1/14,HK-T1A-H99X-HCR01,TE_4/1/2
87,JAKARTA,JK-T1A-RT01,POS1/1/1,SI2-T1A-SVQX-HCR01,STM1_1/2/2
88,JAKARTA,JK-T1A-RT01,POS1/1/0,SI2-T1A-SVQX-HCR01,STM1_1/2/1
89,JAKARTA,JK-T1A-RT01,GIGABITETHERNET1/0/2,JK2-T1A-IJNX-RT01,GIGABITETHERNET1/0/1
90,JAKARTA II,JK2-T1A-IJNX-RT01,GIGABITETHERNET1/0/1,JK-T1A-RT01,POS1/1/0
91,JAKARTA II,JK2-T1A-IJNX-RT01,POS1/1/1,SI-T1A-HCR01,STM1_5/2/2
92,JAKARTA II,JK2-T1A-IJNX-RT01,POS1/1/0,SI-T1A-HCR01,STM1_5/2/1
93,KUALALUMPUR II,KL2-T1A-KT1X-HRT01,GE_1/1/1,KL-T1A-KVDX-HRT01,GE_2/1/6
94,KUALALUMPUR II,KL2-T1A-KT1X-HRT01,GE_1/1/6,KL-T1A-YUQX-ACN-RT01,GIGABITETHERNET0/2/1
95,KUALALUMPUR II,KL2-T1A-KT1X-HRT01,GE_1/1/5,KL-T1A-KVDX-HRT01,GE_1/1/8
96,KUALALUMPUR II,KL2-T1A-KT1X-HRT01,GE_5/1/3,SI-T1A-SVWX-HCR02,GE_1/1/6
97,KUALALUMPUR,KL-T1A-KVDX-HRT01,GE_2/1/6,KL2-T1A-KT1X-HRT01,GE_1/1/1
98,KUALALUMPUR,KL-T1A-KVDX-HRT01,GE_1/1/8,KL2-T1A-KT1X-HRT01,GE_1/1/5
99,KUALALUMPUR,KL-T1A-KVDX-HRT01,GE_1/1/6,SI2-T1A-SVQX-HCR02,GE_1/1/1
100,KUALALUMPUR,KL-T1A-KVDX-HRT01,GE_1/1/10,KL-T1A-KKZX-ACN-RT01,GIGABITETHERNET0/2/1
101,KUALALUMPUR,KL-T1A-KVDX-HRT01,GE_1/1/9,KL-T1A-KVDX-RT03,GIGABITETHERNET0/0/0
102,KUALALUMPUR,KL-T1A-KVDX-HRT01,GE_2/1/9,KL-T1A-KVDX-RT03,GIGABITETHERNET1/0/0
103,MELBOURNE,MLB-T1A-1MEX-HRT01,GE_1/1/11,MLB-T1A-RT01,GIGABITETHERNET7/0/4
104,MELBOURNE,MLB-T1A-1MEX-HRT01,GE_5/1/1,MLB-T1A-RT01,GIGABITETHERNET3/0/1
105,MELBOURNE,MLB-T1A-1MEX-HRT01,TE_1/1/14,SY-T1A-M3HX-HRT01,TE_4/1/14
106,MELBOURNE,MLB-T1A-1MEX-HRT01,TE_5/1/14,MLB2-T1A-JN1X-HRT01,TE_2/2/14
107,MELBOURNE,MLB-T1A-RT01,GIGABITETHERNET7/0/4,MLB-T1A-1MEX-HRT01,GE_1/1/11
108,MELBOURNE,MLB-T1A-RT01,GIGABITETHERNET3/0/1,MLB-T1A-1MEX-HRT01,GE_5/1/1
109,MELBOURNE II,MLB2-T1A-JN1X-HRT01,P 3/1/4,SY2-T1A-0PPX-HRT01,P 1/1/14
110,OSAKA,OSA-T1A-RT01,GIGABITETHERNET2/0/4,TK-T1A-T0VX-HCR01,GE_1/1/8
111,OSAKA,OSA-T1A-RT01,GIGABITETHERNET3/0/1,OSA-T1A-RT02,GIGABITETHERNET2/0/1
112,OSAKA,OSA-T1A-RT01,GIGABITETHERNET3/0/0,OSA-T1A-RT02,GIGABITETHERNET2/0/0
113,OSAKA,OSA-T1A-RT02,GIGABITETHERNET2/0/1,OSA-T1A-RT01,GIGABITETHERNET2/0/4
114,OSAKA,OSA-T1A-RT02,GIGABITETHERNET2/0/0,OSA-T1A-RT01,GIGABITETHERNET3/0/1
115,OSAKA,OSA-T1A-RT02,GIGABITETHERNET2/0/3,TK2-T1A-RT01,GIGABITETHERNET1/0/4
116,SINGAPORE,TCX-T1A-IH4X-HRT02,GE_1/1/25,TCX-T1A-IH4X-HRT01,GE_1/1/25
117,SINGAPORE,TCX-T1A-IH4X-HRT02,GE_2/1/25,TCX-T1A-IH4X-HRT01,GE_2/1/25
118,SINGAPORE,TCX-T1A-IH4X-HRT02,GE_2/1/31,SI2-T1A-SVQX-HCR02,GE_1/1/6
119,SINGAPORE,TCX-T1A-IH4X-HRT01,GE_1/1/25,TCX-T1A-IH4X-HRT02,GE_1/1/25
120,SINGAPORE,TCX-T1A-IH4X-HRT01,GE_2/1/25,TCX-T1A-IH4X-HRT02,GE_2/1/25
121,SINGAPORE,TCX-T1A-IH4X-HRT01,GE_1/1/29,SI-T1A-HCR01,GE_3/1/8
122,SINGAPORE,SI-T1A-RT01,GIGABITETHERNET4/0/2,SI-T1A-HCR01,GE_3/1/1
123,SINGAPORE,SI-T1A-RT01,GIGABITETHERNET3/0/2,SI-T1A-HCR01,GE_3/1/2
124,SINGAPORE,SI-T1A-RT01,GIGABITETHERNET4/1/1,SI-T1A-SVWX-HCR02,GE_1/1/2
125,SINGAPORE,SI-T1A-RT01,GIGABITETHERNET4/1/0,SI-T1A-SVWX-HCR02,GE_1/1/3
126,SINGAPORE,SI-T1A-HCR01,GE_2/1/4,VI-T1A-RT01,GIGABITETHERNET0/0/2
127,SINGAPORE,SI-T1A-HCR01,STM1_5/2/1,JK2-T1A-IJNX-RT01,POS1/1/0
128,SINGAPORE,SI-T1A-HCR01,TE_3/1/14,MLA-T1A-P98X-HRT01,TE_2/1/14
129,SINGAPORE,SI-T1A-HCR01,GE_3/1/8,TCX-T1A-IH4X-HRT01,GE_1/1/29
130,SINGAPORE,SI-T1A-HCR01,GE_2/1/1,SI-T1A-RT05-PE,GIGABITETHERNET3/0/1
131,SINGAPORE,SI-T1A-HCR01,GE_2/1/2,SI-T1A-RT05-PE,GIGABITETHERNET2/0/2
132,SINGAPORE,SI-T1A-HCR01,GE_3/1/1,SI-T1A-RT01,GIGABITETHERNET4/0/2
133,SINGAPORE,SI-T1A-HCR01,GE_3/1/2,SI-T1A-RT01,GIGABITETHERNET3/0/2
134,SINGAPORE,SI-T1A-HCR01,GE_2/1/3,SI-T1A-SVWX-RT07-ASBR,GIGABITETHERNET0/3
135,SINGAPORE,SI-T1A-HCR01,TE_4/1/4,SI-T1A-SVWX-HCR02,TE_5/2/13
136,SINGAPORE,SI-T1A-HCR01,TE_2/1/14,SI-T1A-SVWX-HPE01,TE_1/1/13
137,SINGAPORE,SI-T1A-HCR01,TE_3/1/13,TK-T1A-T0VX-HCR01,TE_5/1/13
138,SINGAPORE,SI-T1A-HCR01,TE_2/2/2,CN-ME01-HCR01,TE_2/1/10
139,SINGAPORE,SI-T1A-HCR01,GE_2/1/10,PER-T1A-H9UX-HRT01,GE_5/1/10
140,SINGAPORE,SI-T1A-HCR01,TE_4/1/3,SY-T1A-M3HX-HRT01,TE_3/2/2
141,SINGAPORE,SI-T1A-HCR01,TE_2/2/3,SI2-T1A-SVQX-HCR01,TE_2/2/3
142,SINGAPORE,SI-T1A-HCR01,STM1_5/2/2,JK2-T1A-IJNX-RT01,POS1/1/1
143,SINGAPORE,SI-T1A-HCR01,GE_2/1/8,SI-T1A-ASINX-ACN-RT02,GIGABITETHERNET0/0/0
144,SINGAPORE,SI-T1A-RT05-PE,GIGABITETHERNET3/0/1,SI-T1A-HCR01,GE_2/1/1
145,SINGAPORE,SI-T1A-RT05-PE,GIGABITETHERNET2/0/2,SI-T1A-HCR01,GE_2/1/2
146,SINGAPORE,SI-T1A-RT05-PE,GIGABITETHERNET2/1/3,SI-T1A-SVWX-HCR02,GE_1/1/5
147,SINGAPORE,SI-T1A-RT05-PE,GIGABITETHERNET2/0/0,SI-T1A-SVWX-HCR02,GE_5/2/5
148,SINGAPORE,SI-T1A-SVWX-HCR02,TE_2/1/4,HK-T1A-CR02,TENGIGABITETHERNET9/1
149,SINGAPORE,SI-T1A-SVWX-HCR02,GE_1/1/6,KL2-T1A-KT1X-HRT01,GE_5/1/3
150,SINGAPORE,SI-T1A-SVWX-HCR02,GE_1/1/2,SI-T1A-RT01,GIGABITETHERNET4/1/1
151,SINGAPORE,SI-T1A-SVWX-HCR02,GE_1/1/3,SI-T1A-RT01,GIGABITETHERNET4/1/0
152,SINGAPORE,SI-T1A-SVWX-HCR02,TE_5/2/13,SI-T1A-HCR01,TE_4/1/4
153,SINGAPORE,SI-T1A-SVWX-HCR02,GE_1/1/5,SI-T1A-RT05-PE,GIGABITETHERNET2/1/3
154,SINGAPORE,SI-T1A-SVWX-HCR02,GE_5/2/5,SI-T1A-RT05-PE,GIGABITETHERNET2/0/0
155,SINGAPORE,SI-T1A-SVWX-HCR02,TE_1/1/14,SI-T1A-SVWX-HPE02,P 1/1/14
156,SINGAPORE,SI-T1A-SVWX-HCR02,GE_1/1/11,SI-T1A-SVWX-RT07-ASBR,GIGABITETHERNET0/1
157,SINGAPORE,SI-T1A-SVWX-HCR02,TE_1/1/13,SI2-T1A-SVQX-HCR02,TE_1/1/14
158,SINGAPORE,SI-T1A-SVWX-HPE01,TE_1/1/13,SI-T1A-HCR01,TE_2/1/14
159,SINGAPORE,SI-T1A-SVWX-HPE01,GE_10/1/13,SI-T1A-SVWX-HPE02,GE_10/1/13
160,SINGAPORE,SI-T1A-SVWX-HPE02,TE_1/1/14,SI-T1A-HCR01,TE_1/1/14
161,SINGAPORE,SI-T1A-SVWX-HPE02,GE_10/1/13,SI-T1A-SVWX-HPE01,GE_10/1/13
162,SINGAPORE,SI-T1A-SVWX-RT07-ASBR,GIGABITETHERNET0/3,SI-T1A-HCR01,GE_2/1/3
163,SINGAPORE,SI-T1A-SVWX-RT07-ASBR,GIGABITETHERNET0/1,SI-T1A-SVWX-HCR02,GE_1/1/11
164,SINGAPORE II,SI2-T1A-RT01,GIGABITETHERNET3/0/1,SI2-T1A-SVQX-HCR02,GE_1/1/5
165,SINGAPORE II,SI2-T1A-RT01,GIGABITETHERNET3/0/0,SI2-T1A-SVQX-HCR02,GE_1/1/4
166,SINGAPORE II,SI2-T1A-RT01,GIGABITETHERNET8/0/1,SI2-T1A-SVQX-HCR01,GE_1/1/3
167,SINGAPORE II,SI2-T1A-RT01,GIGABITETHERNET8/0/2,SI2-T1A-SVQX-HCR01,GE_1/1/2
168,SINGAPORE II,SI2-T1A-SVQX-HCR01,TE_1/1/13,SI2-T1A-SVQX-HCR02,TE_1/1/13
169,SINGAPORE II,SI2-T1A-SVQX-HCR01,GE_1/1/6,DHA-T1A-RT01,GIGABITETHERNET1/0/1
170,SINGAPORE II,SI2-T1A-SVQX-HCR01,TE_5/2/2,EMI-T1A-HCR01,TENGIGABITETHERNET4/2
171,SINGAPORE II,SI2-T1A-SVQX-HCR01,TE_5/2/3,HK2-T1A-KTHX-HRT01,TE_5/1/13
172,SINGAPORE II,SI2-T1A-SVQX-HCR01,STM1_1/2/1,JK-T1A-RT01,POS1/1/0
173,SINGAPORE II,SI2-T1A-SVQX-HCR01,STM1_1/2/2,JK-T1A-RT01,POS1/1/1
174,SINGAPORE II,SI2-T1A-SVQX-HCR01,TE_2/2/3,SI-T1A-HCR01,TE_2/2/3
175,SINGAPORE II,SI2-T1A-SVQX-HCR01,GE_1/1/3,SI2-T1A-RT01,GIGABITETHERNET8/0/1
176,SINGAPORE II,SI2-T1A-SVQX-HCR01,GE_1/1/2,SI2-T1A-RT01,GIGABITETHERNET8/0/2
177,SINGAPORE II,SI2-T1A-SVQX-HCR01,TE_5/2/1,SI2-T1A-SVQX-HCR02,TE_5/2/1
178,SINGAPORE II,SI2-T1A-SVQX-HCR01,GE_1/1/1,BNK-T1A-RT01,GIGABITETHERNET0/0/1
179,SINGAPORE II,SI2-T1A-SVQX-HCR01,GE_1/1/4,SI2-T1A-RT02,GIGABITETHERNET7/3
180,SINGAPORE II,SI2-T1A-SVQX-HCR01,TE_1/1/14,MU-ME01-HCR01,TE_2/1/10
181,SINGAPORE II,SI2-T1A-SVQX-HCR01,GE_1/1/5,SI2-T1A-RT02,GIGABITETHERNET7/2
182,SINGAPORE II,SI2-T1A-SVQX-HCR01,TE_2/2/4,SI2-T1A-SVQX-HPE01,TE_1/1/13
183,SINGAPORE II,SI2-T1A-SVQX-HCR01,TE_5/2/4,SI2-T1A-SVQX-HPE02,TE_1/1/13
184,SINGAPORE II,SI2-T1A-SVQX-HCR01,GE_1/1/10,SI-T1A-ASINX-ACN-RT01,GIGABITETHERNET0/0/0
185,SINGAPORE II,SI2-T1A-RT02,GIGABITETHERNET7/3,SI2-T1A-SVQX-HCR01,GE_1/1/4
186,SINGAPORE II,SI2-T1A-RT02,GIGABITETHERNET7/2,SI2-T1A-SVQX-HCR01,GE_1/1/5
187,SINGAPORE II,SI2-T1A-RT02,GIGABITETHERNET4/1/4,SI2-T1A-SVQX-HCR02,GE_1/1/2
188,SINGAPORE II,SI2-T1A-RT02,GIGABITETHERNET4/1/2,SI2-T1A-SVQX-HCR02,GE_1/1/3
189,SINGAPORE II,SI2-T1A-SVQX-HCR02,GE_1/1/1,KL-T1A-KVDX-HRT01,GE_1/1/6
190,SINGAPORE II,SI2-T1A-SVQX-HCR02,GE_1/1/5,SI2-T1A-RT01,GIGABITETHERNET3/0/1
191,SINGAPORE II,SI2-T1A-SVQX-HCR02,GE_1/1/6,TCX-T1A-IH4X-HRT02,GE_2/1/31
192,SINGAPORE II,SI2-T1A-SVQX-HCR02,TE_1/1/14,SI-T1A-SVWX-HCR02,TE_1/1/13
193,SINGAPORE II,SI2-T1A-SVQX-HCR02,TE_1/1/13,SI2-T1A-SVQX-HCR02,TE_1/1/13
194,SINGAPORE II,SI2-T1A-SVQX-HCR02,TE_5/2/1,SI2-T1A-SVQX-HCR01,TE_5/2/1
195,SINGAPORE II,SI2-T1A-SVQX-HCR02,GE_1/1/4,SI2-T1A-RT01,GIGABITETHERNET3/0/0
196,SINGAPORE II,SI2-T1A-SVQX-HCR02,GE_1/1/2,SI2-T1A-RT02,GIGABITETHERNET4/1/4
197,SINGAPORE II,SI2-T1A-SVQX-HCR02,GE_1/1/3,SI2-T1A-RT02,GIGABITETHERNET4/1/2
198,SINGAPORE II,SI2-T1A-SVQX-HCR02,TE_5/2/2,PAR-T1A-P96X-HCR02,TE_5/1/4
199,SINGAPORE II,SI2-T1A-SVQX-HCR02,GE_5/2/4,SI2-T1A-SVQX-HPE02,GE_3/1/13
200,SINGAPORE II,SI2-T1A-SVQX-HCR02,GE_2/2/4,SI2-T1A-SVQX-HPE01,GE_3/1/13
201,SINGAPORE II,SI2-T1A-SVQX-HCR02,TE_2/2/3,MU-ME01-HCR01,TE_3/1/3
202,SINGAPORE II,SI2-T1A-SVQX-HPE01,TE_1/1/13,SI2-T1A-SVQX-HCR01,TE_2/2/4
203,SINGAPORE II,SI2-T1A-SVQX-HPE01,GE_3/1/13,SI2-T1A-SVQX-HCR02,GE_2/2/4
204,SYDNEY,SY-T1A-RT01,POS7/1/0,SY-T1A-RT03,POS7/0/0
205,SYDNEY,SY-T1A-RT01,GIGABITETHERNET4/1/3,SY-T1A-M3HX-HRT01,GE_1/1/8
206,SYDNEY,SY-T1A-RT01,GIGABITETHERNET4/1/2,SY-T1A-M3HX-HRT01,GE_5/1/9
207,SYDNEY,SY-T1A-RT01,GIGABITETHERNET4/0/1,SY-T1A-RT03,GI3/0/1
208,SYDNEY,SY-T1A-RT01,GIGABITETHERNET4/0/0,SY-T1A-RT03,GI3/0/0
209,SYDNEY,SY-T1A-RT03,GI3/0/1,SY-T1A-RT01,GIGABITETHERNET4/0/1
210,SYDNEY,SY-T1A-RT03,GI3/0/0,SY-T1A-RT01,GIGABITETHERNET4/0/0
211,SYDNEY,SY-T1A-RT03,POS7/0/0,SY-T1A-RT01,POS7/1/0
212,SYDNEY,SY-T1A-RT03,GIGABITETHERNET4/1/4,SY-T1A-M3HX-HRT01,GE_1/1/9
213,SYDNEY,SY-T1A-RT03,GIGABITETHERNET4/0/3,SY-T1A-1MHX-HRT02,GE_5/1/1
214,SYDNEY,SY-T1A-M3HX-HRT01,GE_1/1/8,SY-T1A-RT01,GIGABITETHERNET4/1/3
215,SYDNEY,SY-T1A-M3HX-HRT01,GE_5/1/9,SY-T1A-RT01,GIGABITETHERNET4/1/2
216,SYDNEY,SY-T1A-M3HX-HRT01,GE_1/1/9,SY-T1A-RT03,GIGABITETHERNET4/1/4
217,SYDNEY,SY-T1A-M3HX-HRT01,GE_5/1/5,LA-T1A-CR02,GIGABITETHERNET3/10
218,SYDNEY,SY-T1A-M3HX-HRT01,TE_1/1/13,SY-T1A-1MHX-HRT02,TE_1/1/13
219,SYDNEY,SY-T1A-M3HX-HRT01,TE_5/1/13,SY-T1A-1MHX-HRT02,TE_3/1/13
220,SYDNEY,SY-T1A-M3HX-HRT01,TE_4/1/14,MLB-T1A-1MEX-HRT01,TE_1/1/14
221,SYDNEY,SY-T1A-M3HX-HRT01,GE_5/1/12,PER-T1A-H9UX-HRT01,GE_1/1/9
222,SYDNEY,SY-T1A-M3HX-HRT01,TE_3/2/2,SI-T1A-HCR01,TE_4/1/3
223,SYDNEY,SY-T1A-1MHX-HRT02,P 1/1/3,SY2-T1A-0PPX-HRT01,P 1/1/11
224,SYDNEY,SY-T1A-1MHX-HRT02,P 1/1/13,SY-T1A-M3HX-HRT01,P 1/1/13
225,SYDNEY,SY-T1A-1MHX-HRT02,P 1/2/1,TK-T1A-T0VX-HCR01,P 1/2/4
226,SYDNEY,SY-T1A-1MHX-HRT02,P 3/1/13,SY-T1A-M3HX-HRT01,P 5/1/13
227,SYDNEY,SY-T1A-1MHX-HRT02,P 5/1/3,AUK-T1A-RT01,GI0/0/2
228,SYDNEY,SY-T1A-1MHX-HRT02,P 3/2/1,SY2-T1A-0PPX-HRT01,P 5/1/14
229,SYDNEY,SY-T1A-1MHX-HRT02,P 5/1/1,SY-T1A-RT03,GI4/0/3
230,SYDNEY II,SY2-T1A-0PPX-HRT01,P 1/1/11,SY-T1A-1MHX-HRT02,P 1/1/3
231,SYDNEY II,SY2-T1A-0PPX-HRT01,P 1/1/14,MLB2-T1A-JN1X-HRT01,P 3/1/4
232,SYDNEY II,SY2-T1A-0PPX-HRT01,P 5/1/14,SY-T1A-1MHX-HRT02,P 3/2/1
233,TOKYO,TK-T1A-CR02,POS4/1/0,SEO-T1A-RT02,PO2/1/0
234,TOKYO,TK-T1A-CR02,GIGABITETHERNET3/0/4,TK-T1A-T0VX-HPE02,GE_5/1/2
235,TOKYO,TK-T1A-CR02,GIGABITETHERNET1/0/2,TK-T1A-T0VX-HPE02,GE_1/1/2
236,TOKYO,TK-T1A-CR02,GIGABITETHERNET1/0/4,TK-T1A-T0VX-HRV01,GE_ 5/1/1
237,TOKYO,TK-T1A-CR02,TENGIGABITETHERNET7/2,TK-T1A-T0VX-HCR01,TE_5/1/14
238,TOKYO,TK-T1A-CR02,TENGIGABITETHERNET2/2,TK-T1A-T0VX-HCR01,TE_1/1/14
239,TOKYO,TK-T1A-CR02,TENGIGABITETHERNET2/1,TK-T1A-T0V-HPE01,TE_ 5/1/14
240,TOKYO,TK-T1A-CR02,GIGABITETHERNET3/0/0,TK-T1A-RT05,GI 3/0/2
241,TOKYO,TK-T1A-CR02,GIGABITETHERNET1/0/3,TK2-T1A-RT01,GI1/0/1
242,TOKYO,TK-T1A-CR02,TENGIGABITETHERNET7/1,EMI-T1A-CR01,TE7/1
243,TOKYO,TK-T1A-CR02,GIGABITETHERNET3/0/2,TK-T1A-RT05,GI3/0/4
244,TOKYO,TK-T1A-T0VX-HCR01,TE_2/2/3,TK-T1A-T0VX-HPE01,TE_1/1/14
245,TOKYO,TK-T1A-T0VX-HCR01,GE_1/1/12,TK-T1A-RT05,GIGABITETHERNET3/0/1
246,TOKYO,TK-T1A-T0VX-HCR01,TE_2/2/4,SEO2-T1A-OO7X-HRT01,TE_5/1/13
247,TOKYO,TK-T1A-T0VX-HCR01,TE_5/1/14,TK-T1A-CR02,TENGIGABITETHERNET7/2
248,TOKYO,TK-T1A-T0VX-HCR01,STM4_5/2/10,TAI-T1A-TJ5X-HRT02,STM4_1/2/1
249,TOKYO,TK-T1A-T0VX-HCR01,GE_5/1/12,TK-T1A-RT05,GIGABITETHERNET4/1/3
250,TOKYO,TK-T1A-T0VX-HCR01,TE_1/1/14,TK-T1A-CR02,TENGIGABITETHERNET2/2
251,TOKYO,TK-T1A-T0VX-HCR01,TE_5/1/13,SI-T1A-HCR01,TE_3/1/13
252,TOKYO,TK-T1A-T0VX-HCR01,STM16_1/2/4,SY-T1A-1MHX-HRT02,STM16_1/2/1
253,TOKYO,TK-T1A-T0VX-HCR01,TE_1/1/13,SC-T1A-SV1X-HCR01,TE_5/1/2
254,TOKYO,TK-T1A-T0VX-HCR01,GE_5/1/3,TK-T1A-T0VX-HCR02,GE_1/1/2
255,TOKYO,TK-T1A-T0VX-HCR01,GE_1/1/4,TK-T1A-T0VX-HRV01,GE_1/1/1
256,TOKYO,TK-T1A-T0VX-HCR01,GE_5/1/10.1401,NAR-T1A-ANRT1X-ACN-RT01,GI0/0/0
257,TOKYO,TK-T1A-T0VX-HCR01,TE_2/1/2,HK-T1A-H99X-HCR01,TE_3/1/2
258,TOKYO,TK-T1A-T0VX-HCR01,TE_2/1/1,TK-T1A-T0VX-HPE02,GE_1/1/13
259,TOKYO,TK-T1A-T0VX-HCR01,GE_1/1/8,OSA-T1A-RT01,GIGABITETHERNET2/0/4
260,TOKYO,TK-T1A-T0VX-HCR01,GE_1/1/3,TK-T1A-T0VX-HCR02,GE_1/1/1
261,TOKYO,TK-T1A-T0VX-HPE01,TE_1/1/14,TK-T1A-T0VX-HCR01,TE_2/2/3
262,TOKYO,TK-T1A-T0VX-HPE01,TE_ 5/1/14,TK-T1A-CR02,TENGIGABITETHERNET2/1
263,TOKYO,TK-T1A-T0VX-HPE02,TE_1/1/13,TK-T1A-T0VX-HCR01,TE_2/1/1
264,TOKYO,TK-T1A-T0VX-HPE02,GE_1/1/2,TK-T1A-CR02,GI1/0/2
265,TOKYO,TK-T1A-T0VX-HPE02,TE_5/1/13,TK-T1A-T0VX-HCR02,TE_1/1/14
266,TOKYO,TK-T1A-T0VX-HPE02,GE_5/1/2,TK-T1A-CR02,GI3/0/4
267,TOKYO II,TK2-T1A-RT01,GIGABITETHERNET1/0/4,OSA-T1A-RT02,GIGABITETHERNET2/0/3
268,TOKYO II,TK2-T1A-RT01,GIGABITETHERNET1/0/1,TK-T1A-CR01,GI5/3
269,TOKYO II,TK2-T1A-RT01,GIGABITETHERNET0/1/0,OSA-T1A-RT02,GIGABITETHERNET3/1/2
270,TOKYO II,TK2-T1A-RT01,POS1/1/1,EMI-T1A-CR01,POS1/1/0
271,ISREAL,ISL-T1A-XXGX-HRT01,GE_1/1/15,LN2-T1A-LDNX-HRT01,GE_1/1/9
272,ISREAL,ISL-T1A-XXGX-HRT01,GE_2/1/15,FFT3-T1A-FR1X-HRT01,TE_1/1/5
273,ISREAL,ISL-T1A-XXGX-HRT01,GE_2/1/19,ISL-T1A-ATLVA-ACN-RT01,GIGABITETHERNET0/0/0
274,VIETNAM,VI-T1A-RT01,GIGABITETHERNET1/0/1,VI-T1A-ASGNA-ACN-RT01,GIGABITETHERNET1/0/1
275,VIETNAM,VI-T1A-RT01,GIGABITETHERNET1/0/3,VI2-T1A-YQLX-HRT01,GE_1/1/15
276,VIETNAM,VI-T1A-RT01,GIGABITETHERNET0/0/2,SI-T1A-HCR01,GIGABITETHERNET0/0/2
277,VIETNAM,VI-T1A-RT02,NAN,NAN,NAN
278,VIETNAM,VI2-T1A-YQLX-HRT01,GE_1/1/15,VI-T1A-RT01,GIGABITETHERNET1/0/3
279,VIETNAM,VI2-T1A-YQLX-HRT01,GE_2/1/15,HK-T1A-H99X-HCR01,GE_5/1/3
280,TAIPEI,TAI-T1A-RT01,GIGABITETHERNET7/1/0,TAI-T1A-TJ5X-HRT02,P_3/1/1
281,TAIPEI,TAI-T1A-RT01,GIGABITETHERNET3/0/4,TK-T1A-T0VX-HCR01,P_5/1/5
282,TAIPEI,TAI-T1A-RT01,POS2/0/0,HK-T1A-H99X-HCR01,P 5/2/10
283,TAIPEI,TAI-T1A-RT01,GIGABITETHERNET3/0/0,TAI-T1A-TJ5X-HRT02,P_1/1/11
284,TAIPEI,TAI-T1A-TJ5X-HRT02,P_3/1/1,TAI-T1A-RT01,GIGABITETHERNET7/1/0
285,TAIPEI,TAI-T1A-TJ5X-HRT02,P_1/1/11,TAI-T1A-RT01,GIGABITETHERNET3/0/0
286,TAIPEI,TAI-T1A-TJ5X-HRT02,STM4_1/2/1,TK-T1A-T0VX-HCR01,STM4_5/2/10
287,BANGKOK,BNK-T1A-RT01,GIGABITETHERNET0/0/1,SI2-T1A-SVQX-HCR01,GE_1/1/1
288,BANGKOK,BNK-T1A-RT01,GIGABITETHERNET0/0/4,BNK-T1A-WGZX-ACN-RT01,GI0/2/1
289,BANGKOK,BNK-T1A-RT01,GIGABITETHERNET0/0/2,BNK2-T1A-C9VX-HRT01,P-1/7/1
290,BANGKOK LL,BNK2-T1A-C9VX-HRT01,GE_1/7/1,BNK-T1A-RT01,GI0/0/2
291,BANGKOK LL,BNK2-T1A-C9VX-HRT01,GE_1/3/1,HK-T1A-H99X-HCR01,P-1/1/8
292,BANGKOK LL,BNK2-T1A-C9VX-HRT01,GE_1/8/1,BNK-T1A-AAAFQX-ACN-RT01,GI0/2/1
293,COLOMBO,EK-COL-T3-RT02,GIGABITETHERNET0/2,EK-COL-T3-RT03,GI0/0/1
294,COLOMBO,EK-COL-T3-RT03,GIGABITETHERNET0/0/0,EK-COL2-T3-RT02,GI0/0/4
295,COLOMBO,EK-COL-T3-RT03,GIGABITETHERNET2/0/0,MU-ME01-HABR02,3/1/10
296,COLOMBO,EK-COL-T3-RT03,GIGABITETHERNET0/0/1,EK-COL-T3-RT02,GIGABITETHERNET0/2
297,COLOMBO,EK-COL-T3-RT03,POS1/1/1,MU-ME01-HABR02,10/1/9
298,COLOMBO,EK-COL-T3-RT03,GIGABITETHERNET0/0/4,EK-COL-T3-RT04,G0/0/0
299,COLOMBO,EK-COL-T3-RT03,POS2/1/1,MU-ME01-HABR02,10/1/10
300,COLOMBO,EK-COL-T3-RT04,POS2/0/0,MU-ME01-HABR02,10/1/6
301,COLOMBO,EK-COL-T3-RT04,POS2/0/3,CN-ME01-HABR01,P 10/1/9
302,COLOMBO,EK-COL-T3-RT04,POS2/0/2,CN-ME01-HABR01,P 10/1/3
303,COLOMBO,EK-COL-T3-RT04,GIGABITETHERNET1/0/4,MU-ME01-HABR01,P 3/1/2
304,COLOMBO,EK-COL-T3-RT04,GIGABITETHERNET1/0/3,SI-T1A-SVWX-HPE02,2/2/3
305,COLOMBO,EK-COL-T3-RT04,GIGABITETHERNET0/0/0,EK-COL-T3-RT03,GIGABITETHERNET0/0/4
306,COLOMBO,EK-COL-T3-RT04,GIGABITETHERNET1/0/1,EK-COL2-T3-RT03,G1/0/4
307,KARACHI,KAR-T1A-RT01,POS0/3/1,FUJ-T1A-HRT01,P_4/1/15
308,KARACHI,KAR-T1A-RT01,POS1/3/0,MU-ME01-HCR02,10/2/5
309,MANILA,MLA-T1A-P98X-HRT01,GE_1/1/12,MLA-T1A-AMNLA-ACN-RT02,GI0/0/0
310,MANILA,MLA-T1A-P98X-HRT01,TE_1/1/13,MLA-T1A-P98X-HRT02,1/1/13
311,MANILA,MLA-T1A-P98X-HRT01,TE_2/1/13,MLA-T1A-P98X-HRT02,2/1/13
312,MANILA,MLA-T1A-P98X-HRT01,TE_2/1/14,SI-T1A-HCR01,3/1/14
313,MANILA,MLA-T1A-P98X-HRT01,GE_2/1/7,MLA-T1A-P98X-RT03,GI0/0/0
314,MANILA,MLA-T1A-P98X-HRT01,GE_2/1/9,MLA-T1A-P98X-RT03,GI0/0/1
315,MANILA,MLA-T1A-P98X-HRT02,TE_1/1/14,MLA2-T1A-GX0X-HRT01,1/1/13
316,MANILA,MLA-T1A-P98X-HRT02,TE_1/1/13,MLA-T1A-P98X-HRT01,1/1/13
317,MANILA,MLA-T1A-P98X-HRT02,TE_2/1/13,MLA-T1A-P98X-HRT01,2/1/13
318,MANILA,MLA-T1A-P98X-HRT02,GE_1/1/7,MLA-T1A-P98X-RT03,GI1/0/0
319,MANILA,MLA-T1A-P98X-HRT02,GE_1/1/9,MLA-T1A-P98X-RT03,GI1/0/2
320,MANILA,MLA-T1A-P98X-RT03,GI0/0/0,MLA-T1A-P98X-HRT01,GE_2/1/7
321,MANILA,MLA-T1A-P98X-RT03,GI0/0/1,MLA-T1A-P98X-HRT01,GE_2/1/9
322,MANILA,MLA-T1A-P98X-RT03,GIGABITETHERNET1/0/2,MLA-T1A-P98X-HRT02,GI1/1/9
323,MANILA,MLA-T1A-P98X-RT03,GIGABITETHERNET1/0/0,MLA-T1A-P98X-HRT02,1/1/7
324,MANILA II,MLA2-T1A-GX0X-HRT01,TE_5/1/13,HK-T1A-H99X-HCR01,3/1/4
325,MANILA II,MLA2-T1A-GX0X-HRT01,GE_1/1/7,MLA-T1A-AMNLA-ACN-RT01,GI0/0/0
326,MANILA II,MLA2-T1A-GX0X-HRT01,TE_1/1/13,MLA-T1A-P98X-HRT02,1/1/14
327,PORT LUIS,MAU-T1A-RT02,POS1/1/1,MU-ME01-HCR02,2/2/12
328,PORT LUIS,MAU-T1A-RT02,GIGABITETHERNET0/0/0,MAU-T1A-RT01,GI0/0/0
329,PORT LUIS,MAU-T1A-RT02,GIGABITETHERNET1/0/0,MAU-T1A-RT01,GI1/0/0
330,PORT LUIS,MAU-T1A-RT01,GI0/0/0,MAU-T1A-RT02,GIGABITETHERNET0/0/0
331,PORT LUIS,MAU-T1A-RT01,GI1/0/0,MAU-T1A-RT02,GIGABITETHERNET1/0/0
332,PORT LUIS,MAU-T1A-RT01,POS1/1/0,JO-T1A-RT01,POS3/2/0
333,PERTH,PER-T1A-H9UX-HRT01,GE_5/1/10,SI-T1A-HCR01,GE_2/1/10
334,PERTH,PER-T1A-H9UX-HRT01,GE_1/1/9,SY-T1A-M3HX-HRT01,GE_5/1/12
335,SEOUL,SEO-T1A-RT01,GIGABITETHERNET3/0/3,SEO3-T1A-OO8X-HRT01,1/1/7
336,SEOUL,SEO-T1A-RT01,GIGABITETHERNET3/0/1,SEO-T1A-RT02,GIGABITETHERNET3/0/1
337,SEOUL,SEO-T1A-RT01,GIGABITETHERNET3/0/0,SEO-T1A-RT02,GIGABITETHERNET3/0/0
338,SEOUL,SEO-T1A-RT02,GIGABITETHERNET3/0/1,SEO-T1A-RT01,GIGABITETHERNET3/0/1
339,SEOUL,SEO-T1A-RT02,GIGABITETHERNET3/0/0,SEO-T1A-RT01,GIGABITETHERNET3/0/0
340,SEOUL,SEO-T1A-RT02,POS2/1/0,TK-T1A-CR02,POS4/1/0
341,SEOUL,SEO2-T1A-OO7X-HRT01,GE_5/1/10,SEO-T1A-AICNA-ACN-RT01,GI0/0/0
342,SEOUL,SEO2-T1A-OO7X-HRT01,TE_5/1/14,SEO3-T1A-OO8X-HRT01,1/1/13
343,SEOUL,SEO2-T1A-OO7X-HRT01,TE_5/1/13,TK-T1A-T0VX-HCR01,2/2/4
344,SEOUL,SEO2-T1A-OO7X-HRT01,TE_1/1/14,HK-T1A-H99X-HCR01,4/1/3
345,SEOUL,SEO3-T1A-OO8X-HRT01,1/1/13,SEO2-T1A-OO7X-HRT01,TE_5/1/14
346,SEOUL,SEO3-T1A-OO8X-HRT01,GE_5/1/10,SEO-T1A-AICNA-ACN-RT02,GI0/0/0
347,SEOUL,SEO3-T1A-OO8X-HRT01,GE_1/1/7,SEO-T1A-RT01,GI3/0/3
348,SEOUL,SEO3-T1A-OO8X-HRT01,TE_1/1/14,HK-T1A-H99X-HCR01,TE_3/1/3
349,AUCKLAND,AUK-T1A-RT01,GI1/0/2,SY2-T1A-0PPX-HRT01,GE_5/1/4
350,AUCKLAND,AUK-T1A-RT01,GI0/0/2,SY-T1A-1MHX-HRT02,GE_5/1/3
